startDate,endDate,status,progress,duration,finished,recordedDate,_recordId,distributionChannel,userLanguage,QID1881_BROWSER,QID1881_VERSION,QID1881_OS,QID1881_RESOLUTION,QID102_1,QID102_9,QID102_11,QID102_12,QID102_13,QID4191,QID4192,QID4193,QID4194,QID105_TEXT,QID106,QID106_6_TEXT,QID107,QID4195#1_1,QID4195#1_2,QID4195#1_3,QID4195#2_1,QID4195#2_2,QID4195#2_3,QID4195#3_1,QID4195#3_2,QID4195#3_3,QID4195#4_1,QID4195#4_2,QID4195#4_3,QID4310_1,QID4312_1,QID4314_1,QID4316_1,QID4318_1,QID4320_1,QID4322_1,QID4324_1,QID4326_1,QID4328_1,QID4330_1,QID4332_1,QID4334_1,QID4336_1,QID4338_1,QID4340_1,QID4342_1,QID4344_1,QID4346_1,QID4348_1,QID4350_1,QID4352_1,QID4354_1,QID4356_1,QID4358_1,QID4360_1,QID4362_1,QID4364_1,QID4366_1,QID4368_1,QID4370_1,QID4372_1,QID4374_1,QID4376_1,QID4378_1,QID4380_1,QID4382_1,QID4384_1,QID4386_1,QID4388_1,QID4390_1,QID4392_1,QID4394_1,QID4396_1,QID4398_1,QID4400_1,QID4402_1,QID4404_1,QID4406_1,QID4408_1,QID4410_1,QID4412_1,QID4414_1,QID4416_1,QID4418_1,QID4420_1,QID4422_1,QID4424_1,QID4426_1,QID4428_1,QID4430_1,QID4432_1,QID4434_1,QID4436_1,QID4438_1,QID4440_1,QID4442_1,QID4444_1,QID4446_1,QID4448_1,QID4450_1,QID4452_1,QID4454_1,QID4456_1,QID4458_1,QID4460_1,QID4462_1,QID4464_1,QID4466_1,QID4468_1,QID4470_1,QID4472_1,QID4474_1,QID4476_1,QID4478_1,QID4480_1,QID4482_1,QID4484_1,QID4486_1,QID4488_1,QID4490_1,QID4492_1,QID4494_1,QID4496_1,QID4498_1,QID4500_1,QID4502_1,QID4504_1,QID4506_1,QID4508_1,QID4510_1,QID4512_1,QID4514_1,QID4516_1,QID4518_1,QID4520_1,QID4522_1,QID4524_1,QID4526_1,QID4528_1,QID4530_1,QID4532_1,QID4534_1,QID4536_1,QID4538_1,QID4540_1,QID4542_1,QID4544_1,QID4546_1,QID4548_1,QID4550_1,QID4552_1,QID4554_1,QID4556_1,QID4558_1,QID4560_1,QID4562_1,QID4564_1,QID4566_1,QID4568_1,QID4570_1,QID4572_1,QID4574_1,QID4576_1,QID4578_1,QID4580_1,QID4582_1,QID4584_1,QID4586_1,QID4588_1,QID4590_1,QID4592_1,QID4594_1,QID4596_1,QID4598_1,QID4600_1,QID4602_1,QID4604_1,QID4606_1,QID4608_1,QID4610_1,QID4612_1,QID4614_1,QID4616_1,QID4618_1,QID4620_1,QID4622_1,QID4624_1,QID4626_1,QID4628_1,QID4630_1,QID4632_1,QID4634_1,QID4636_1,QID4638_1,QID4640_1,QID4642_1,QID4644_1,QID4646_1,QID4648_1,QID4650_1,QID4652_1,QID4654_1,QID4656_1,QID4658_1,QID4660_1,QID4662_1,QID4664_1,QID4666_1,QID4668_1,QID4670_1,QID4672_1,QID4674_1,QID4676_1,QID4678_1,QID4680_1,QID4682_1,QID4684_1,QID4686_1,QID4688_1,QID4690_1,QID4692_1,QID4694_1,QID4696_1,QID4698_1,QID4700_1,QID4702_1,QID4704_1,QID4706_1,QID4708_1,QID4710_1,QID4712_1,QID4714_1,QID4716_1,QID4718_1,QID4720_1,QID4722_1,QID4724_1,QID4726_1,QID4728_1,QID4730_1,QID4732_1,QID4734_1,QID4736_1,QID4738_1,QID4740_1,QID4742_1,QID4744_1,QID4746_1,QID4748_1,QID4750_1,QID4752_1,QID4754_1,QID4756_1,QID4758_1,QID4760_1,QID4762_1,QID4764_1,QID4766_1,QID4768_1,QID4770_1,QID4772_1,QID4774_1,QID4776_1,QID4778_1,QID4780_1,QID4782_1,QID4784_1,QID4786_1,QID4788_1,QID4790_1,QID4792_1,QID4794_1,QID4796_1,QID4798_1,QID4800_1,QID4802_1,QID4804_1,QID4806_1,QID4808_1,QID4810_1,QID4812_1,QID4814_1,QID4816_1,QID4818_1,QID4820_1,QID4822_1,QID4824_1,QID4826_1,QID4828_1,QID4830_1,QID4832_1,QID4834_1,QID4836_1,QID4838_1,QID4840_1,QID4842_1,QID4844_1,QID4846_1,QID4848_1,QID4850_1,QID4852_1,QID4854_1,QID4856_1,QID4858_1,QID4860_1,QID4862_1,QID4864_1,QID4866_1,QID4868_1,QID4870_1,QID4872_1,QID4874_1,QID4876_1,QID4878_1,QID4880_1,QID4882_1,QID4884_1,QID3612_1,QID4268,QID4269,QID4270,QID4271,QID4272,QID4273,QID4274,QID4275,QID4276,QID4277,QID4278,QID4279,QID4280,QID4281,QID4282,QID4283,QID4284,QID4285,QID4286,QID4287,QID4288,QID4289,QID4290,QID4291,QID4292,QID4293,QID4294,QID4295,QID4296,QID4297,QID4298,QID4299,QID4300,QID4301,QID4302,QID4303,QID4304,QID4305,QID4306,QID4307,QID4248_1,QID4248_2,QID4248_3,QID4249_1,QID4249_2,QID4249_3,QID4250_1,QID4250_2,QID4250_3,QID4251_1,QID4251_2,QID4251_3,QID4252_1,QID4252_2,QID4252_3,QID4253_1,QID4253_2,QID4253_3,QID4254_1,QID4254_2,QID4254_3,QID4255_1,QID4255_2,QID4255_3,QID4256_1,QID4256_2,QID4256_3,number.counterbalancing.cond,first.scenario.type,current.scenario.type
Start Date,End Date,Response Type,Progress,Duration (in seconds),Finished,Recorded Date,Response ID,DistributionChannel - Distribution Channel,UserLanguage - User Language,Browser info_Browser - Click to write the question text - Browser,Browser info_Version - Click to write the question text - Version,Browser info_Operating System - Click to write the question text - Operating System,Browser info_Resolution - Click to write the question text - Resolution,"Consent form _1 - Consent Form 

We would like to invite you to take part in a research study. Before you decide whether you would like to take part it is important that you understand why the research is being done and what it would involve. Please take time to carefully read the following Participant Information Sheet (click on link). Please then tick the boxes below to indicate that you have read and understood the information provided in the information sheet. - You are at least 18 years of age.","Consent form _2 - Consent Form 

We would like to invite you to take part in a research study. Before you decide whether you would like to take part it is important that you understand why the research is being done and what it would involve. Please take time to carefully read the following Participant Information Sheet (click on link). Please then tick the boxes below to indicate that you have read and understood the information provided in the information sheet. - You understand that your participation is voluntary and that you are free to withdraw without giving a reason without being penalised or disadvantaged.","Consent form _3 - Consent Form 

We would like to invite you to take part in a research study. Before you decide whether you would like to take part it is important that you understand why the research is being done and what it would involve. Please take time to carefully read the following Participant Information Sheet (click on link). Please then tick the boxes below to indicate that you have read and understood the information provided in the information sheet. - You agree to City recording and processing this information about you. You understand that this information will be used only for the purpose(s) explained in the participant information and my consent is conditional on City complying with its duties and obligations under the General Data Protection Regulation (GDPR).","Consent form _4 - Consent Form 

We would like to invite you to take part in a research study. Before you decide whether you would like to take part it is important that you understand why the research is being done and what it would involve. Please take time to carefully read the following Participant Information Sheet (click on link). Please then tick the boxes below to indicate that you have read and understood the information provided in the information sheet. - You confirm that you have read and understood the participant information dated 08/07/24 (Version 1.0) for this study. You have had the opportunity to consider the information and ask questions which have been answered satisfactorily.","Consent form _5 - Consent Form 

We would like to invite you to take part in a research study. Before you decide whether you would like to take part it is important that you understand why the research is being done and what it would involve. Please take time to carefully read the following Participant Information Sheet (click on link). Please then tick the boxes below to indicate that you have read and understood the information provided in the information sheet. - You agree to take part in the above study.",prereq18_45 - between18_45,prereq_prevhormone - previousHormoneuse,prereq_diagnosedhorm - diagnosedHormonalconditions,prereq_cyclelength - cyclelengthNormal,age - Please enter your age.,gender - gender - Selected Choice,gender_6_TEXT - gender - Prefer to self-describe - Text,assignedSex,demo_previousmenses#1_1 - previousMenses - Month - Current cycle,demo_previousmenses#1_2 - previousMenses - Month - Previous cycle,demo_previousmenses#1_3 - previousMenses - Month - Two cycles ago,demo_previousmenses#2_1 - previousMenses - Day - Current cycle,demo_previousmenses#2_2 - previousMenses - Day - Previous cycle,demo_previousmenses#2_3 - previousMenses - Day - Two cycles ago,demo_previousmenses#3_1 - previousMenses - Year - Current cycle,demo_previousmenses#3_2 - previousMenses - Year - Previous cycle,demo_previousmenses#3_3 - previousMenses - Year - Two cycles ago,demo_previousmenses#4_1 - previousMenses - Cycle Length - Current cycle,demo_previousmenses#4_2 - previousMenses - Cycle Length - Previous cycle,demo_previousmenses#4_3 - previousMenses - Cycle Length - Two cycles ago,scenario.remoteTreatment.neutral.counterbalancing_group.1.n_saved.750.n_total.320.n_victims.50.ratio_saved_victims.15.acceptability_1 - scenario.remoteTreatment.neutral.counterbalancing_group.1.n_saved.750.n_total.320.n_victims.50.ratio_saved_victims.15.acceptability - How acceptable is it to kill 50 patients in the hospital to save 750 people in the village?,scenario.toxicFactory.neutral.counterbalancing_group.1.n_saved.400.n_total.700.n_victims.300.ratio_saved_victims.1.333333333.acceptability_1 - scenario.toxicFactory.neutral.counterbalancing_group.1.n_saved.400.n_total.700.n_victims.300.ratio_saved_victims.1.333333333.acceptability - How acceptable is it to kill the 300 factory workers to save 400 people in the surrounding area?,"scenario.desertAqueduct.neutral.counterbalancing_group.1.n_saved.4000.n_total.4040.n_victims.40.ratio_saved_victims.100.acceptability_1 - scenario.desertAqueduct.neutral.counterbalancing_group.1.n_saved.4000.n_total.4040.n_victims.40.ratio_saved_victims.100.acceptability - How acceptable is it to kill 40 people in Midcross to save 4,000 people in Sandharbor?",scenario.trainBomb.neutral.counterbalancing_group.1.n_saved.30.n_total.40.n_victims.10.ratio_saved_victims.3.acceptability_1 - scenario.trainBomb.neutral.counterbalancing_group.1.n_saved.30.n_total.40.n_victims.10.ratio_saved_victims.3.acceptability - How acceptable is it to kill the 10 people on the train to save 30 people in the station?,"scenario.humanSacrifice.neutral.counterbalancing_group.1.n_saved.5000.n_total.4010.n_victims.10.ratio_saved_victims.500.acceptability_1 - scenario.humanSacrifice.neutral.counterbalancing_group.1.n_saved.5000.n_total.4010.n_victims.10.ratio_saved_victims.500.acceptability - How acceptable is it to detain and sacrifice the 10 escapees to save the 5,000 remaining Whotnir?","scenario.treatmentPolicy.neutral.counterbalancing_group.1.n_saved.200000.n_total.12020.n_victims.200.ratio_saved_victims.1000.acceptability_1 - scenario.treatmentPolicy.neutral.counterbalancing_group.1.n_saved.200000.n_total.12020.n_victims.200.ratio_saved_victims.1000.acceptability - How acceptable is it to administer Abacavelam and to kill 200 misdiagnosed patients to save 200,000 Hyena's Ears patients?",scenario.plagueZoklid.neutral.counterbalancing_group.1.n_saved.80.n_total.250.n_victims.20.ratio_saved_victims.4.acceptability_1 - scenario.plagueZoklid.neutral.counterbalancing_group.1.n_saved.80.n_total.250.n_victims.20.ratio_saved_victims.4.acceptability - How acceptable is it to release the pesticides and kill the 20 people underneath to save the 80 people in Nova Mistral?,"scenario.asteroidDefense.neutral.counterbalancing_group.1.n_saved.40.n_total.600.n_victims.20.ratio_saved_victims.2.acceptability_1 - scenario.asteroidDefense.neutral.counterbalancing_group.1.n_saved.40.n_total.600.n_victims.20.ratio_saved_victims.2.acceptability - How acceptable is it to launch the deflection mission, thus killing 20 people in Verdania to save 40 people in Azurville?",scenario.valleysFlooding.neutral.counterbalancing_group.1.n_saved.600.n_total.630.n_victims.30.ratio_saved_victims.20.acceptability_1 - scenario.valleysFlooding.neutral.counterbalancing_group.1.n_saved.600.n_total.630.n_victims.30.ratio_saved_victims.20.acceptability - How acceptable is it to open the floodgates and to kill 30 people in Llyne Valley to save the 600 people in Leafside Valley?,"scenario.dietarySupplement.neutral.counterbalancing_group.1.n_saved.60000.n_total.24030.n_victims.30.ratio_saved_victims.2000.acceptability_1 - scenario.dietarySupplement.neutral.counterbalancing_group.1.n_saved.60000.n_total.24030.n_victims.30.ratio_saved_victims.2000.acceptability - How acceptable is to fortify the drinking water with thacium and to kill 30 people with thacium intolerance to save 60,000 people in Minnegamau Isles?","scenario.healthBudget.neutral.counterbalancing_group.1.n_saved.400.n_total.440.n_victims.40.ratio_saved_victims.10.acceptability_1 - scenario.healthBudget.neutral.counterbalancing_group.1.n_saved.400.n_total.440.n_victims.40.ratio_saved_victims.10.acceptability - How acceptable is to buy Zephyrion Disease drugs instead of Astronexis Syndrome drugs, and thus to kill 40 Astronexis Syndrome patients to save 400 people with Zephyrion Disease?","scenario.geneDrive.neutral.counterbalancing_group.1.n_saved.5000.n_total.5100.n_victims.100.ratio_saved_victims.50.acceptability_1 - scenario.geneDrive.neutral.counterbalancing_group.1.n_saved.5000.n_total.5100.n_victims.100.ratio_saved_victims.50.acceptability - How acceptable is to eradicate the wintermaw bloodmoth, and thus to kill 100 people in the south to save 5,000 people in the north?","scenario.remoteTreatment.neutral.counterbalancing_group.1.n_saved.200000.n_total.12020.n_victims.200.ratio_saved_victims.1000.acceptability_1 - scenario.remoteTreatment.neutral.counterbalancing_group.1.n_saved.200000.n_total.12020.n_victims.200.ratio_saved_victims.1000.acceptability - How acceptable is it to kill 200 patients in the hospital to save 200,000 people in the village?",scenario.toxicFactory.neutral.counterbalancing_group.1.n_saved.750.n_total.320.n_victims.50.ratio_saved_victims.15.acceptability_1 - scenario.toxicFactory.neutral.counterbalancing_group.1.n_saved.750.n_total.320.n_victims.50.ratio_saved_victims.15.acceptability - How acceptable is it to kill the 50 factory workers to save 750 people in the surrounding area?,scenario.desertAqueduct.neutral.counterbalancing_group.1.n_saved.40.n_total.600.n_victims.20.ratio_saved_victims.2.acceptability_1 - scenario.desertAqueduct.neutral.counterbalancing_group.1.n_saved.40.n_total.600.n_victims.20.ratio_saved_victims.2.acceptability - How acceptable is it to kill 20 people in Midcross to save 40 people in Sandharbor?,"scenario.trainBomb.neutral.counterbalancing_group.1.n_saved.5000.n_total.5100.n_victims.100.ratio_saved_victims.50.acceptability_1 - scenario.trainBomb.neutral.counterbalancing_group.1.n_saved.5000.n_total.5100.n_victims.100.ratio_saved_victims.50.acceptability - How acceptable is it to kill the 100 people on the train to save 5,000 people in the station?",scenario.humanSacrifice.neutral.counterbalancing_group.1.n_saved.30.n_total.40.n_victims.10.ratio_saved_victims.3.acceptability_1 - scenario.humanSacrifice.neutral.counterbalancing_group.1.n_saved.30.n_total.40.n_victims.10.ratio_saved_victims.3.acceptability - How acceptable is it to detain and sacrifice the 10 escapees to save the 30 remaining Whotnir?,scenario.treatmentPolicy.neutral.counterbalancing_group.1.n_saved.80.n_total.250.n_victims.20.ratio_saved_victims.4.acceptability_1 - scenario.treatmentPolicy.neutral.counterbalancing_group.1.n_saved.80.n_total.250.n_victims.20.ratio_saved_victims.4.acceptability - How acceptable is it to administer Abacavelam and to kill 20 misdiagnosed patients to save 80 Hyena's Ears patients?,"scenario.plagueZoklid.neutral.counterbalancing_group.1.n_saved.4000.n_total.4040.n_victims.40.ratio_saved_victims.100.acceptability_1 - scenario.plagueZoklid.neutral.counterbalancing_group.1.n_saved.4000.n_total.4040.n_victims.40.ratio_saved_victims.100.acceptability - How acceptable is it to release the pesticides and kill the 40 people underneath to save the 4,000 people in Nova Mistral?","scenario.asteroidDefense.neutral.counterbalancing_group.1.n_saved.600.n_total.630.n_victims.30.ratio_saved_victims.20.acceptability_1 - scenario.asteroidDefense.neutral.counterbalancing_group.1.n_saved.600.n_total.630.n_victims.30.ratio_saved_victims.20.acceptability - How acceptable is it to launch the deflection mission, thus killing 30 people in Verdania to save 600 people in Azurville?","scenario.valleysFlooding.neutral.counterbalancing_group.1.n_saved.60000.n_total.24030.n_victims.30.ratio_saved_victims.2000.acceptability_1 - scenario.valleysFlooding.neutral.counterbalancing_group.1.n_saved.60000.n_total.24030.n_victims.30.ratio_saved_victims.2000.acceptability - How acceptable is it to open the floodgates and to kill 30 people in Llyne Valley to save the 60,000 people in Leafside Valley?",scenario.dietarySupplement.neutral.counterbalancing_group.1.n_saved.400.n_total.440.n_victims.40.ratio_saved_victims.10.acceptability_1 - scenario.dietarySupplement.neutral.counterbalancing_group.1.n_saved.400.n_total.440.n_victims.40.ratio_saved_victims.10.acceptability - How acceptable is to fortify the drinking water with thacium and to kill 40 people with thacium intolerance to save 400 people in Minnegamau Isles?,"scenario.healthBudget.neutral.counterbalancing_group.1.n_saved.5000.n_total.4010.n_victims.10.ratio_saved_victims.500.acceptability_1 - scenario.healthBudget.neutral.counterbalancing_group.1.n_saved.5000.n_total.4010.n_victims.10.ratio_saved_victims.500.acceptability - How acceptable is to buy Zephyrion Disease drugs instead of Astronexis Syndrome drugs, and thus to kill 10 Astronexis Syndrome patients to save 5,000 people with Zephyrion Disease?","scenario.geneDrive.neutral.counterbalancing_group.1.n_saved.400.n_total.700.n_victims.300.ratio_saved_victims.1.333333333.acceptability_1 - scenario.geneDrive.neutral.counterbalancing_group.1.n_saved.400.n_total.700.n_victims.300.ratio_saved_victims.1.333333333.acceptability - How acceptable is to eradicate the wintermaw bloodmoth, and thus to kill 300 people in the south to save 400 people in the north?","scenario.remoteTreatment.neutral.counterbalancing_group.1.n_saved.60000.n_total.24030.n_victims.30.ratio_saved_victims.2000.acceptability_1 - scenario.remoteTreatment.neutral.counterbalancing_group.1.n_saved.60000.n_total.24030.n_victims.30.ratio_saved_victims.2000.acceptability - How acceptable is it to kill 30 patients in the hospital to save 60,000 people in the village?",scenario.toxicFactory.neutral.counterbalancing_group.1.n_saved.600.n_total.630.n_victims.30.ratio_saved_victims.20.acceptability_1 - scenario.toxicFactory.neutral.counterbalancing_group.1.n_saved.600.n_total.630.n_victims.30.ratio_saved_victims.20.acceptability - How acceptable is it to kill the 30 factory workers to save 600 people in the surrounding area?,scenario.desertAqueduct.neutral.counterbalancing_group.1.n_saved.30.n_total.40.n_victims.10.ratio_saved_victims.3.acceptability_1 - scenario.desertAqueduct.neutral.counterbalancing_group.1.n_saved.30.n_total.40.n_victims.10.ratio_saved_victims.3.acceptability - How acceptable is it to kill 10 people in Midcross to save 30 people in Sandharbor?,"scenario.trainBomb.neutral.counterbalancing_group.1.n_saved.4000.n_total.4040.n_victims.40.ratio_saved_victims.100.acceptability_1 - scenario.trainBomb.neutral.counterbalancing_group.1.n_saved.4000.n_total.4040.n_victims.40.ratio_saved_victims.100.acceptability - How acceptable is it to kill the 40 people on the train to save 4,000 people in the station?",scenario.humanSacrifice.neutral.counterbalancing_group.1.n_saved.80.n_total.250.n_victims.20.ratio_saved_victims.4.acceptability_1 - scenario.humanSacrifice.neutral.counterbalancing_group.1.n_saved.80.n_total.250.n_victims.20.ratio_saved_victims.4.acceptability - How acceptable is it to detain and sacrifice the 20 escapees to save the 80 remaining Whotnir?,scenario.treatmentPolicy.neutral.counterbalancing_group.1.n_saved.400.n_total.440.n_victims.40.ratio_saved_victims.10.acceptability_1 - scenario.treatmentPolicy.neutral.counterbalancing_group.1.n_saved.400.n_total.440.n_victims.40.ratio_saved_victims.10.acceptability - How acceptable is it to administer Abacavelam and to kill 40 misdiagnosed patients to save 400 Hyena's Ears patients?,"scenario.plagueZoklid.neutral.counterbalancing_group.1.n_saved.5000.n_total.4010.n_victims.10.ratio_saved_victims.500.acceptability_1 - scenario.plagueZoklid.neutral.counterbalancing_group.1.n_saved.5000.n_total.4010.n_victims.10.ratio_saved_victims.500.acceptability - How acceptable is it to release the pesticides and kill the 10 people underneath to save the 5,000 people in Nova Mistral?","scenario.asteroidDefense.neutral.counterbalancing_group.1.n_saved.5000.n_total.5100.n_victims.100.ratio_saved_victims.50.acceptability_1 - scenario.asteroidDefense.neutral.counterbalancing_group.1.n_saved.5000.n_total.5100.n_victims.100.ratio_saved_victims.50.acceptability - How acceptable is it to launch the deflection mission, thus killing 100 people in Verdania to save 5,000 people in Azurville?",scenario.valleysFlooding.neutral.counterbalancing_group.1.n_saved.400.n_total.700.n_victims.300.ratio_saved_victims.1.333333333.acceptability_1 - scenario.valleysFlooding.neutral.counterbalancing_group.1.n_saved.400.n_total.700.n_victims.300.ratio_saved_victims.1.333333333.acceptability - How acceptable is it to open the floodgates and to kill 300 people in Llyne Valley to save the 400 people in Leafside Valley?,scenario.dietarySupplement.neutral.counterbalancing_group.1.n_saved.750.n_total.320.n_victims.50.ratio_saved_victims.15.acceptability_1 - scenario.dietarySupplement.neutral.counterbalancing_group.1.n_saved.750.n_total.320.n_victims.50.ratio_saved_victims.15.acceptability - How acceptable is to fortify the drinking water with thacium and to kill 50 people with thacium intolerance to save 750 people in Minnegamau Isles?,"scenario.healthBudget.neutral.counterbalancing_group.1.n_saved.200000.n_total.12020.n_victims.200.ratio_saved_victims.1000.acceptability_1 - scenario.healthBudget.neutral.counterbalancing_group.1.n_saved.200000.n_total.12020.n_victims.200.ratio_saved_victims.1000.acceptability - How acceptable is to buy Zephyrion Disease drugs instead of Astronexis Syndrome drugs, and thus to kill 200 Astronexis Syndrome patients to save 200,000 people with Zephyrion Disease?","scenario.geneDrive.neutral.counterbalancing_group.1.n_saved.40.n_total.600.n_victims.20.ratio_saved_victims.2.acceptability_1 - scenario.geneDrive.neutral.counterbalancing_group.1.n_saved.40.n_total.600.n_victims.20.ratio_saved_victims.2.acceptability - How acceptable is to eradicate the wintermaw bloodmoth, and thus to kill 20 people in the south to save 40 people in the north?","scenario.remoteTreatment.neutral.counterbalancing_group.1.n_saved.5000.n_total.5100.n_victims.100.ratio_saved_victims.50.acceptability_1 - scenario.remoteTreatment.neutral.counterbalancing_group.1.n_saved.5000.n_total.5100.n_victims.100.ratio_saved_victims.50.acceptability - How acceptable is it to kill 100 patients in the hospital to save 5,000 people in the village?",scenario.toxicFactory.neutral.counterbalancing_group.1.n_saved.30.n_total.40.n_victims.10.ratio_saved_victims.3.acceptability_1 - scenario.toxicFactory.neutral.counterbalancing_group.1.n_saved.30.n_total.40.n_victims.10.ratio_saved_victims.3.acceptability - How acceptable is it to kill the 10 factory workers to save 30 people in the surrounding area?,"scenario.desertAqueduct.neutral.counterbalancing_group.1.n_saved.200000.n_total.12020.n_victims.200.ratio_saved_victims.1000.acceptability_1 - scenario.desertAqueduct.neutral.counterbalancing_group.1.n_saved.200000.n_total.12020.n_victims.200.ratio_saved_victims.1000.acceptability - How acceptable is it to kill 200 people in Midcross to save 200,000 people in Sandharbor?",scenario.trainBomb.neutral.counterbalancing_group.1.n_saved.400.n_total.440.n_victims.40.ratio_saved_victims.10.acceptability_1 - scenario.trainBomb.neutral.counterbalancing_group.1.n_saved.400.n_total.440.n_victims.40.ratio_saved_victims.10.acceptability - How acceptable is it to kill the 40 people on the train to save 400 people in the station?,"scenario.humanSacrifice.neutral.counterbalancing_group.1.n_saved.60000.n_total.24030.n_victims.30.ratio_saved_victims.2000.acceptability_1 - scenario.humanSacrifice.neutral.counterbalancing_group.1.n_saved.60000.n_total.24030.n_victims.30.ratio_saved_victims.2000.acceptability - How acceptable is it to detain and sacrifice the 30 escapees to save the 60,000 remaining Whotnir?",scenario.treatmentPolicy.neutral.counterbalancing_group.1.n_saved.400.n_total.700.n_victims.300.ratio_saved_victims.1.333333333.acceptability_1 - scenario.treatmentPolicy.neutral.counterbalancing_group.1.n_saved.400.n_total.700.n_victims.300.ratio_saved_victims.1.333333333.acceptability - How acceptable is it to administer Abacavelam and to kill 300 misdiagnosed patients to save 400 Hyena's Ears patients?,scenario.plagueZoklid.neutral.counterbalancing_group.1.n_saved.750.n_total.320.n_victims.50.ratio_saved_victims.15.acceptability_1 - scenario.plagueZoklid.neutral.counterbalancing_group.1.n_saved.750.n_total.320.n_victims.50.ratio_saved_victims.15.acceptability - How acceptable is it to release the pesticides and kill the 50 people underneath to save the 750 people in Nova Mistral?,"scenario.asteroidDefense.neutral.counterbalancing_group.1.n_saved.80.n_total.250.n_victims.20.ratio_saved_victims.4.acceptability_1 - scenario.asteroidDefense.neutral.counterbalancing_group.1.n_saved.80.n_total.250.n_victims.20.ratio_saved_victims.4.acceptability - How acceptable is it to launch the deflection mission, thus killing 20 people in Verdania to save 80 people in Azurville?","scenario.valleysFlooding.neutral.counterbalancing_group.1.n_saved.4000.n_total.4040.n_victims.40.ratio_saved_victims.100.acceptability_1 - scenario.valleysFlooding.neutral.counterbalancing_group.1.n_saved.4000.n_total.4040.n_victims.40.ratio_saved_victims.100.acceptability - How acceptable is it to open the floodgates and to kill 40 people in Llyne Valley to save the 4,000 people in Leafside Valley?",scenario.dietarySupplement.neutral.counterbalancing_group.1.n_saved.40.n_total.600.n_victims.20.ratio_saved_victims.2.acceptability_1 - scenario.dietarySupplement.neutral.counterbalancing_group.1.n_saved.40.n_total.600.n_victims.20.ratio_saved_victims.2.acceptability - How acceptable is to fortify the drinking water with thacium and to kill 20 people with thacium intolerance to save 40 people in Minnegamau Isles?,"scenario.healthBudget.neutral.counterbalancing_group.1.n_saved.600.n_total.630.n_victims.30.ratio_saved_victims.20.acceptability_1 - scenario.healthBudget.neutral.counterbalancing_group.1.n_saved.600.n_total.630.n_victims.30.ratio_saved_victims.20.acceptability - How acceptable is to buy Zephyrion Disease drugs instead of Astronexis Syndrome drugs, and thus to kill 30 Astronexis Syndrome patients to save 600 people with Zephyrion Disease?","scenario.geneDrive.neutral.counterbalancing_group.1.n_saved.5000.n_total.4010.n_victims.10.ratio_saved_victims.500.acceptability_1 - scenario.geneDrive.neutral.counterbalancing_group.1.n_saved.5000.n_total.4010.n_victims.10.ratio_saved_victims.500.acceptability - How acceptable is to eradicate the wintermaw bloodmoth, and thus to kill 10 people in the south to save 5,000 people in the north?",scenario.remoteTreatment.neutral.counterbalancing_group.1.n_saved.80.n_total.250.n_victims.20.ratio_saved_victims.4.acceptability_1 - scenario.remoteTreatment.neutral.counterbalancing_group.1.n_saved.80.n_total.250.n_victims.20.ratio_saved_victims.4.acceptability - How acceptable is it to kill 20 patients in the hospital to save 80 people in the village?,"scenario.toxicFactory.neutral.counterbalancing_group.1.n_saved.200000.n_total.12020.n_victims.200.ratio_saved_victims.1000.acceptability_1 - scenario.toxicFactory.neutral.counterbalancing_group.1.n_saved.200000.n_total.12020.n_victims.200.ratio_saved_victims.1000.acceptability - How acceptable is it to kill the 200 factory workers to save 200,000 people in the surrounding area?",scenario.desertAqueduct.neutral.counterbalancing_group.1.n_saved.600.n_total.630.n_victims.30.ratio_saved_victims.20.acceptability_1 - scenario.desertAqueduct.neutral.counterbalancing_group.1.n_saved.600.n_total.630.n_victims.30.ratio_saved_victims.20.acceptability - How acceptable is it to kill 30 people in Midcross to save 600 people in Sandharbor?,scenario.trainBomb.neutral.counterbalancing_group.1.n_saved.400.n_total.700.n_victims.300.ratio_saved_victims.1.333333333.acceptability_1 - scenario.trainBomb.neutral.counterbalancing_group.1.n_saved.400.n_total.700.n_victims.300.ratio_saved_victims.1.333333333.acceptability - How acceptable is it to kill the 300 people on the train to save 400 people in the station?,"scenario.humanSacrifice.neutral.counterbalancing_group.1.n_saved.5000.n_total.5100.n_victims.100.ratio_saved_victims.50.acceptability_1 - scenario.humanSacrifice.neutral.counterbalancing_group.1.n_saved.5000.n_total.5100.n_victims.100.ratio_saved_victims.50.acceptability - How acceptable is it to detain and sacrifice the 100 escapees to save the 5,000 remaining Whotnir?","scenario.treatmentPolicy.neutral.counterbalancing_group.1.n_saved.4000.n_total.4040.n_victims.40.ratio_saved_victims.100.acceptability_1 - scenario.treatmentPolicy.neutral.counterbalancing_group.1.n_saved.4000.n_total.4040.n_victims.40.ratio_saved_victims.100.acceptability - How acceptable is it to administer Abacavelam and to kill 40 misdiagnosed patients to save 4,000 Hyena's Ears patients?",scenario.plagueZoklid.neutral.counterbalancing_group.1.n_saved.40.n_total.600.n_victims.20.ratio_saved_victims.2.acceptability_1 - scenario.plagueZoklid.neutral.counterbalancing_group.1.n_saved.40.n_total.600.n_victims.20.ratio_saved_victims.2.acceptability - How acceptable is it to release the pesticides and kill the 20 people underneath to save the 40 people in Nova Mistral?,"scenario.asteroidDefense.neutral.counterbalancing_group.1.n_saved.60000.n_total.24030.n_victims.30.ratio_saved_victims.2000.acceptability_1 - scenario.asteroidDefense.neutral.counterbalancing_group.1.n_saved.60000.n_total.24030.n_victims.30.ratio_saved_victims.2000.acceptability - How acceptable is it to launch the deflection mission, thus killing 30 people in Verdania to save 60,000 people in Azurville?",scenario.valleysFlooding.neutral.counterbalancing_group.1.n_saved.400.n_total.440.n_victims.40.ratio_saved_victims.10.acceptability_1 - scenario.valleysFlooding.neutral.counterbalancing_group.1.n_saved.400.n_total.440.n_victims.40.ratio_saved_victims.10.acceptability - How acceptable is it to open the floodgates and to kill 40 people in Llyne Valley to save the 400 people in Leafside Valley?,"scenario.dietarySupplement.neutral.counterbalancing_group.1.n_saved.5000.n_total.4010.n_victims.10.ratio_saved_victims.500.acceptability_1 - scenario.dietarySupplement.neutral.counterbalancing_group.1.n_saved.5000.n_total.4010.n_victims.10.ratio_saved_victims.500.acceptability - How acceptable is to fortify the drinking water with thacium and to kill 10 people with thacium intolerance to save 5,000 people in Minnegamau Isles?","scenario.healthBudget.neutral.counterbalancing_group.1.n_saved.30.n_total.40.n_victims.10.ratio_saved_victims.3.acceptability_1 - scenario.healthBudget.neutral.counterbalancing_group.1.n_saved.30.n_total.40.n_victims.10.ratio_saved_victims.3.acceptability - How acceptable is to buy Zephyrion Disease drugs instead of Astronexis Syndrome drugs, and thus to kill 10 Astronexis Syndrome patients to save 30 people with Zephyrion Disease?","scenario.geneDrive.neutral.counterbalancing_group.1.n_saved.750.n_total.320.n_victims.50.ratio_saved_victims.15.acceptability_1 - scenario.geneDrive.neutral.counterbalancing_group.1.n_saved.750.n_total.320.n_victims.50.ratio_saved_victims.15.acceptability - How acceptable is to eradicate the wintermaw bloodmoth, and thus to kill 50 people in the south to save 750 people in the north?",scenario.remoteTreatment.neutral.counterbalancing_group.1.n_saved.40.n_total.600.n_victims.20.ratio_saved_victims.2.acceptability_1 - scenario.remoteTreatment.neutral.counterbalancing_group.1.n_saved.40.n_total.600.n_victims.20.ratio_saved_victims.2.acceptability - How acceptable is it to kill 20 patients in the hospital to save 40 people in the village?,"scenario.toxicFactory.neutral.counterbalancing_group.1.n_saved.4000.n_total.4040.n_victims.40.ratio_saved_victims.100.acceptability_1 - scenario.toxicFactory.neutral.counterbalancing_group.1.n_saved.4000.n_total.4040.n_victims.40.ratio_saved_victims.100.acceptability - How acceptable is it to kill the 40 factory workers to save 4,000 people in the surrounding area?",scenario.desertAqueduct.neutral.counterbalancing_group.1.n_saved.400.n_total.440.n_victims.40.ratio_saved_victims.10.acceptability_1 - scenario.desertAqueduct.neutral.counterbalancing_group.1.n_saved.400.n_total.440.n_victims.40.ratio_saved_victims.10.acceptability - How acceptable is it to kill 40 people in Midcross to save 400 people in Sandharbor?,"scenario.trainBomb.neutral.counterbalancing_group.1.n_saved.200000.n_total.12020.n_victims.200.ratio_saved_victims.1000.acceptability_1 - scenario.trainBomb.neutral.counterbalancing_group.1.n_saved.200000.n_total.12020.n_victims.200.ratio_saved_victims.1000.acceptability - How acceptable is it to kill the 200 people on the train to save 200,000 people in the station?",scenario.humanSacrifice.neutral.counterbalancing_group.1.n_saved.750.n_total.320.n_victims.50.ratio_saved_victims.15.acceptability_1 - scenario.humanSacrifice.neutral.counterbalancing_group.1.n_saved.750.n_total.320.n_victims.50.ratio_saved_victims.15.acceptability - How acceptable is it to detain and sacrifice the 50 escapees to save the 750 remaining Whotnir?,scenario.treatmentPolicy.neutral.counterbalancing_group.1.n_saved.600.n_total.630.n_victims.30.ratio_saved_victims.20.acceptability_1 - scenario.treatmentPolicy.neutral.counterbalancing_group.1.n_saved.600.n_total.630.n_victims.30.ratio_saved_victims.20.acceptability - How acceptable is it to administer Abacavelam and to kill 30 misdiagnosed patients to save 600 Hyena's Ears patients?,"scenario.plagueZoklid.neutral.counterbalancing_group.1.n_saved.60000.n_total.24030.n_victims.30.ratio_saved_victims.2000.acceptability_1 - scenario.plagueZoklid.neutral.counterbalancing_group.1.n_saved.60000.n_total.24030.n_victims.30.ratio_saved_victims.2000.acceptability - How acceptable is it to release the pesticides and kill the 30 people underneath to save the 60,000 people in Nova Mistral?","scenario.asteroidDefense.neutral.counterbalancing_group.1.n_saved.5000.n_total.4010.n_victims.10.ratio_saved_victims.500.acceptability_1 - scenario.asteroidDefense.neutral.counterbalancing_group.1.n_saved.5000.n_total.4010.n_victims.10.ratio_saved_victims.500.acceptability - How acceptable is it to launch the deflection mission, thus killing 10 people in Verdania to save 5,000 people in Azurville?",scenario.valleysFlooding.neutral.counterbalancing_group.1.n_saved.30.n_total.40.n_victims.10.ratio_saved_victims.3.acceptability_1 - scenario.valleysFlooding.neutral.counterbalancing_group.1.n_saved.30.n_total.40.n_victims.10.ratio_saved_victims.3.acceptability - How acceptable is it to open the floodgates and to kill 10 people in Llyne Valley to save the 30 people in Leafside Valley?,"scenario.dietarySupplement.neutral.counterbalancing_group.1.n_saved.5000.n_total.5100.n_victims.100.ratio_saved_victims.50.acceptability_1 - scenario.dietarySupplement.neutral.counterbalancing_group.1.n_saved.5000.n_total.5100.n_victims.100.ratio_saved_victims.50.acceptability - How acceptable is to fortify the drinking water with thacium and to kill 100 people with thacium intolerance to save 5,000 people in Minnegamau Isles?","scenario.healthBudget.neutral.counterbalancing_group.1.n_saved.400.n_total.700.n_victims.300.ratio_saved_victims.1.333333333.acceptability_1 - scenario.healthBudget.neutral.counterbalancing_group.1.n_saved.400.n_total.700.n_victims.300.ratio_saved_victims.1.333333333.acceptability - How acceptable is to buy Zephyrion Disease drugs instead of Astronexis Syndrome drugs, and thus to kill 300 Astronexis Syndrome patients to save 400 people with Zephyrion Disease?","scenario.geneDrive.neutral.counterbalancing_group.1.n_saved.80.n_total.250.n_victims.20.ratio_saved_victims.4.acceptability_1 - scenario.geneDrive.neutral.counterbalancing_group.1.n_saved.80.n_total.250.n_victims.20.ratio_saved_victims.4.acceptability - How acceptable is to eradicate the wintermaw bloodmoth, and thus to kill 20 people in the south to save 80 people in the north?","scenario.remoteTreatment.neutral.counterbalancing_group.1.n_saved.4000.n_total.4040.n_victims.40.ratio_saved_victims.100.acceptability_1 - scenario.remoteTreatment.neutral.counterbalancing_group.1.n_saved.4000.n_total.4040.n_victims.40.ratio_saved_victims.100.acceptability - How acceptable is it to kill 40 patients in the hospital to save 4,000 people in the village?",scenario.toxicFactory.neutral.counterbalancing_group.1.n_saved.80.n_total.250.n_victims.20.ratio_saved_victims.4.acceptability_1 - scenario.toxicFactory.neutral.counterbalancing_group.1.n_saved.80.n_total.250.n_victims.20.ratio_saved_victims.4.acceptability - How acceptable is it to kill the 20 factory workers to save 80 people in the surrounding area?,"scenario.desertAqueduct.neutral.counterbalancing_group.1.n_saved.60000.n_total.24030.n_victims.30.ratio_saved_victims.2000.acceptability_1 - scenario.desertAqueduct.neutral.counterbalancing_group.1.n_saved.60000.n_total.24030.n_victims.30.ratio_saved_victims.2000.acceptability - How acceptable is it to kill 30 people in Midcross to save 60,000 people in Sandharbor?",scenario.trainBomb.neutral.counterbalancing_group.1.n_saved.750.n_total.320.n_victims.50.ratio_saved_victims.15.acceptability_1 - scenario.trainBomb.neutral.counterbalancing_group.1.n_saved.750.n_total.320.n_victims.50.ratio_saved_victims.15.acceptability - How acceptable is it to kill the 50 people on the train to save 750 people in the station?,scenario.humanSacrifice.neutral.counterbalancing_group.1.n_saved.400.n_total.700.n_victims.300.ratio_saved_victims.1.333333333.acceptability_1 - scenario.humanSacrifice.neutral.counterbalancing_group.1.n_saved.400.n_total.700.n_victims.300.ratio_saved_victims.1.333333333.acceptability - How acceptable is it to detain and sacrifice the 300 escapees to save the 400 remaining Whotnir?,scenario.treatmentPolicy.neutral.counterbalancing_group.1.n_saved.40.n_total.600.n_victims.20.ratio_saved_victims.2.acceptability_1 - scenario.treatmentPolicy.neutral.counterbalancing_group.1.n_saved.40.n_total.600.n_victims.20.ratio_saved_victims.2.acceptability - How acceptable is it to administer Abacavelam and to kill 20 misdiagnosed patients to save 40 Hyena's Ears patients?,scenario.plagueZoklid.neutral.counterbalancing_group.1.n_saved.600.n_total.630.n_victims.30.ratio_saved_victims.20.acceptability_1 - scenario.plagueZoklid.neutral.counterbalancing_group.1.n_saved.600.n_total.630.n_victims.30.ratio_saved_victims.20.acceptability - How acceptable is it to release the pesticides and kill the 30 people underneath to save the 600 people in Nova Mistral?,"scenario.asteroidDefense.neutral.counterbalancing_group.1.n_saved.400.n_total.440.n_victims.40.ratio_saved_victims.10.acceptability_1 - scenario.asteroidDefense.neutral.counterbalancing_group.1.n_saved.400.n_total.440.n_victims.40.ratio_saved_victims.10.acceptability - How acceptable is it to launch the deflection mission, thus killing 40 people in Verdania to save 400 people in Azurville?","scenario.valleysFlooding.neutral.counterbalancing_group.1.n_saved.5000.n_total.4010.n_victims.10.ratio_saved_victims.500.acceptability_1 - scenario.valleysFlooding.neutral.counterbalancing_group.1.n_saved.5000.n_total.4010.n_victims.10.ratio_saved_victims.500.acceptability - How acceptable is it to open the floodgates and to kill 10 people in Llyne Valley to save the 5,000 people in Leafside Valley?",scenario.dietarySupplement.neutral.counterbalancing_group.1.n_saved.30.n_total.40.n_victims.10.ratio_saved_victims.3.acceptability_1 - scenario.dietarySupplement.neutral.counterbalancing_group.1.n_saved.30.n_total.40.n_victims.10.ratio_saved_victims.3.acceptability - How acceptable is to fortify the drinking water with thacium and to kill 10 people with thacium intolerance to save 30 people in Minnegamau Isles?,"scenario.healthBudget.neutral.counterbalancing_group.1.n_saved.5000.n_total.5100.n_victims.100.ratio_saved_victims.50.acceptability_1 - scenario.healthBudget.neutral.counterbalancing_group.1.n_saved.5000.n_total.5100.n_victims.100.ratio_saved_victims.50.acceptability - How acceptable is to buy Zephyrion Disease drugs instead of Astronexis Syndrome drugs, and thus to kill 100 Astronexis Syndrome patients to save 5,000 people with Zephyrion Disease?","scenario.geneDrive.neutral.counterbalancing_group.1.n_saved.200000.n_total.12020.n_victims.200.ratio_saved_victims.1000.acceptability_1 - scenario.geneDrive.neutral.counterbalancing_group.1.n_saved.200000.n_total.12020.n_victims.200.ratio_saved_victims.1000.acceptability - How acceptable is to eradicate the wintermaw bloodmoth, and thus to kill 200 people in the south to save 200,000 people in the north?","scenario.remoteTreatment.neutral.counterbalancing_group.1.n_saved.5000.n_total.4010.n_victims.10.ratio_saved_victims.500.acceptability_1 - scenario.remoteTreatment.neutral.counterbalancing_group.1.n_saved.5000.n_total.4010.n_victims.10.ratio_saved_victims.500.acceptability - How acceptable is it to kill 10 patients in the hospital to save 5,000 people in the village?",scenario.toxicFactory.neutral.counterbalancing_group.1.n_saved.400.n_total.440.n_victims.40.ratio_saved_victims.10.acceptability_1 - scenario.toxicFactory.neutral.counterbalancing_group.1.n_saved.400.n_total.440.n_victims.40.ratio_saved_victims.10.acceptability - How acceptable is it to kill the 40 factory workers to save 400 people in the surrounding area?,scenario.desertAqueduct.neutral.counterbalancing_group.1.n_saved.400.n_total.700.n_victims.300.ratio_saved_victims.1.333333333.acceptability_1 - scenario.desertAqueduct.neutral.counterbalancing_group.1.n_saved.400.n_total.700.n_victims.300.ratio_saved_victims.1.333333333.acceptability - How acceptable is it to kill 300 people in Midcross to save 400 people in Sandharbor?,scenario.trainBomb.neutral.counterbalancing_group.1.n_saved.600.n_total.630.n_victims.30.ratio_saved_victims.20.acceptability_1 - scenario.trainBomb.neutral.counterbalancing_group.1.n_saved.600.n_total.630.n_victims.30.ratio_saved_victims.20.acceptability - How acceptable is it to kill the 30 people on the train to save 600 people in the station?,scenario.humanSacrifice.neutral.counterbalancing_group.1.n_saved.40.n_total.600.n_victims.20.ratio_saved_victims.2.acceptability_1 - scenario.humanSacrifice.neutral.counterbalancing_group.1.n_saved.40.n_total.600.n_victims.20.ratio_saved_victims.2.acceptability - How acceptable is it to detain and sacrifice the 20 escapees to save the 40 remaining Whotnir?,scenario.treatmentPolicy.neutral.counterbalancing_group.1.n_saved.30.n_total.40.n_victims.10.ratio_saved_victims.3.acceptability_1 - scenario.treatmentPolicy.neutral.counterbalancing_group.1.n_saved.30.n_total.40.n_victims.10.ratio_saved_victims.3.acceptability - How acceptable is it to administer Abacavelam and to kill 10 misdiagnosed patients to save 30 Hyena's Ears patients?,"scenario.plagueZoklid.neutral.counterbalancing_group.1.n_saved.5000.n_total.5100.n_victims.100.ratio_saved_victims.50.acceptability_1 - scenario.plagueZoklid.neutral.counterbalancing_group.1.n_saved.5000.n_total.5100.n_victims.100.ratio_saved_victims.50.acceptability - How acceptable is it to release the pesticides and kill the 100 people underneath to save the 5,000 people in Nova Mistral?","scenario.asteroidDefense.neutral.counterbalancing_group.1.n_saved.750.n_total.320.n_victims.50.ratio_saved_victims.15.acceptability_1 - scenario.asteroidDefense.neutral.counterbalancing_group.1.n_saved.750.n_total.320.n_victims.50.ratio_saved_victims.15.acceptability - How acceptable is it to launch the deflection mission, thus killing 50 people in Verdania to save 750 people in Azurville?","scenario.valleysFlooding.neutral.counterbalancing_group.1.n_saved.200000.n_total.12020.n_victims.200.ratio_saved_victims.1000.acceptability_1 - scenario.valleysFlooding.neutral.counterbalancing_group.1.n_saved.200000.n_total.12020.n_victims.200.ratio_saved_victims.1000.acceptability - How acceptable is it to open the floodgates and to kill 200 people in Llyne Valley to save the 200,000 people in Leafside Valley?",scenario.dietarySupplement.neutral.counterbalancing_group.1.n_saved.80.n_total.250.n_victims.20.ratio_saved_victims.4.acceptability_1 - scenario.dietarySupplement.neutral.counterbalancing_group.1.n_saved.80.n_total.250.n_victims.20.ratio_saved_victims.4.acceptability - How acceptable is to fortify the drinking water with thacium and to kill 20 people with thacium intolerance to save 80 people in Minnegamau Isles?,"scenario.healthBudget.neutral.counterbalancing_group.1.n_saved.4000.n_total.4040.n_victims.40.ratio_saved_victims.100.acceptability_1 - scenario.healthBudget.neutral.counterbalancing_group.1.n_saved.4000.n_total.4040.n_victims.40.ratio_saved_victims.100.acceptability - How acceptable is to buy Zephyrion Disease drugs instead of Astronexis Syndrome drugs, and thus to kill 40 Astronexis Syndrome patients to save 4,000 people with Zephyrion Disease?","scenario.geneDrive.neutral.counterbalancing_group.1.n_saved.60000.n_total.24030.n_victims.30.ratio_saved_victims.2000.acceptability_1 - scenario.geneDrive.neutral.counterbalancing_group.1.n_saved.60000.n_total.24030.n_victims.30.ratio_saved_victims.2000.acceptability - How acceptable is to eradicate the wintermaw bloodmoth, and thus to kill 30 people in the south to save 60,000 people in the north?",scenario.remoteTreatment.neutral.counterbalancing_group.1.n_saved.30.n_total.40.n_victims.10.ratio_saved_victims.3.acceptability_1 - scenario.remoteTreatment.neutral.counterbalancing_group.1.n_saved.30.n_total.40.n_victims.10.ratio_saved_victims.3.acceptability - How acceptable is it to kill 10 patients in the hospital to save 30 people in the village?,"scenario.toxicFactory.neutral.counterbalancing_group.1.n_saved.5000.n_total.4010.n_victims.10.ratio_saved_victims.500.acceptability_1 - scenario.toxicFactory.neutral.counterbalancing_group.1.n_saved.5000.n_total.4010.n_victims.10.ratio_saved_victims.500.acceptability - How acceptable is it to kill the 10 factory workers to save 5,000 people in the surrounding area?",scenario.desertAqueduct.neutral.counterbalancing_group.1.n_saved.750.n_total.320.n_victims.50.ratio_saved_victims.15.acceptability_1 - scenario.desertAqueduct.neutral.counterbalancing_group.1.n_saved.750.n_total.320.n_victims.50.ratio_saved_victims.15.acceptability - How acceptable is it to kill 50 people in Midcross to save 750 people in Sandharbor?,"scenario.trainBomb.neutral.counterbalancing_group.1.n_saved.60000.n_total.24030.n_victims.30.ratio_saved_victims.2000.acceptability_1 - scenario.trainBomb.neutral.counterbalancing_group.1.n_saved.60000.n_total.24030.n_victims.30.ratio_saved_victims.2000.acceptability - How acceptable is it to kill the 30 people on the train to save 60,000 people in the station?",scenario.humanSacrifice.neutral.counterbalancing_group.1.n_saved.600.n_total.630.n_victims.30.ratio_saved_victims.20.acceptability_1 - scenario.humanSacrifice.neutral.counterbalancing_group.1.n_saved.600.n_total.630.n_victims.30.ratio_saved_victims.20.acceptability - How acceptable is it to detain and sacrifice the 30 escapees to save the 600 remaining Whotnir?,"scenario.treatmentPolicy.neutral.counterbalancing_group.1.n_saved.5000.n_total.5100.n_victims.100.ratio_saved_victims.50.acceptability_1 - scenario.treatmentPolicy.neutral.counterbalancing_group.1.n_saved.5000.n_total.5100.n_victims.100.ratio_saved_victims.50.acceptability - How acceptable is it to administer Abacavelam and to kill 100 misdiagnosed patients to save 5,000 Hyena's Ears patients?",scenario.plagueZoklid.neutral.counterbalancing_group.1.n_saved.400.n_total.700.n_victims.300.ratio_saved_victims.1.333333333.acceptability_1 - scenario.plagueZoklid.neutral.counterbalancing_group.1.n_saved.400.n_total.700.n_victims.300.ratio_saved_victims.1.333333333.acceptability - How acceptable is it to release the pesticides and kill the 300 people underneath to save the 400 people in Nova Mistral?,"scenario.asteroidDefense.neutral.counterbalancing_group.1.n_saved.200000.n_total.12020.n_victims.200.ratio_saved_victims.1000.acceptability_1 - scenario.asteroidDefense.neutral.counterbalancing_group.1.n_saved.200000.n_total.12020.n_victims.200.ratio_saved_victims.1000.acceptability - How acceptable is it to launch the deflection mission, thus killing 200 people in Verdania to save 200,000 people in Azurville?",scenario.valleysFlooding.neutral.counterbalancing_group.1.n_saved.80.n_total.250.n_victims.20.ratio_saved_victims.4.acceptability_1 - scenario.valleysFlooding.neutral.counterbalancing_group.1.n_saved.80.n_total.250.n_victims.20.ratio_saved_victims.4.acceptability - How acceptable is it to open the floodgates and to kill 20 people in Llyne Valley to save the 80 people in Leafside Valley?,"scenario.dietarySupplement.neutral.counterbalancing_group.1.n_saved.4000.n_total.4040.n_victims.40.ratio_saved_victims.100.acceptability_1 - scenario.dietarySupplement.neutral.counterbalancing_group.1.n_saved.4000.n_total.4040.n_victims.40.ratio_saved_victims.100.acceptability - How acceptable is to fortify the drinking water with thacium and to kill 40 people with thacium intolerance to save 4,000 people in Minnegamau Isles?","scenario.healthBudget.neutral.counterbalancing_group.1.n_saved.40.n_total.600.n_victims.20.ratio_saved_victims.2.acceptability_1 - scenario.healthBudget.neutral.counterbalancing_group.1.n_saved.40.n_total.600.n_victims.20.ratio_saved_victims.2.acceptability - How acceptable is to buy Zephyrion Disease drugs instead of Astronexis Syndrome drugs, and thus to kill 20 Astronexis Syndrome patients to save 40 people with Zephyrion Disease?","scenario.geneDrive.neutral.counterbalancing_group.1.n_saved.400.n_total.440.n_victims.40.ratio_saved_victims.10.acceptability_1 - scenario.geneDrive.neutral.counterbalancing_group.1.n_saved.400.n_total.440.n_victims.40.ratio_saved_victims.10.acceptability - How acceptable is to eradicate the wintermaw bloodmoth, and thus to kill 40 people in the south to save 400 people in the north?",scenario.remoteTreatment.neutral.counterbalancing_group.1.n_saved.400.n_total.440.n_victims.40.ratio_saved_victims.10.acceptability_1 - scenario.remoteTreatment.neutral.counterbalancing_group.1.n_saved.400.n_total.440.n_victims.40.ratio_saved_victims.10.acceptability - How acceptable is it to kill 40 patients in the hospital to save 400 people in the village?,"scenario.toxicFactory.neutral.counterbalancing_group.1.n_saved.60000.n_total.24030.n_victims.30.ratio_saved_victims.2000.acceptability_1 - scenario.toxicFactory.neutral.counterbalancing_group.1.n_saved.60000.n_total.24030.n_victims.30.ratio_saved_victims.2000.acceptability - How acceptable is it to kill the 30 factory workers to save 60,000 people in the surrounding area?","scenario.desertAqueduct.neutral.counterbalancing_group.1.n_saved.5000.n_total.5100.n_victims.100.ratio_saved_victims.50.acceptability_1 - scenario.desertAqueduct.neutral.counterbalancing_group.1.n_saved.5000.n_total.5100.n_victims.100.ratio_saved_victims.50.acceptability - How acceptable is it to kill 100 people in Midcross to save 5,000 people in Sandharbor?",scenario.trainBomb.neutral.counterbalancing_group.1.n_saved.40.n_total.600.n_victims.20.ratio_saved_victims.2.acceptability_1 - scenario.trainBomb.neutral.counterbalancing_group.1.n_saved.40.n_total.600.n_victims.20.ratio_saved_victims.2.acceptability - How acceptable is it to kill the 20 people on the train to save 40 people in the station?,"scenario.humanSacrifice.neutral.counterbalancing_group.1.n_saved.4000.n_total.4040.n_victims.40.ratio_saved_victims.100.acceptability_1 - scenario.humanSacrifice.neutral.counterbalancing_group.1.n_saved.4000.n_total.4040.n_victims.40.ratio_saved_victims.100.acceptability - How acceptable is it to detain and sacrifice the 40 escapees to save the 4,000 remaining Whotnir?","scenario.treatmentPolicy.neutral.counterbalancing_group.1.n_saved.5000.n_total.4010.n_victims.10.ratio_saved_victims.500.acceptability_1 - scenario.treatmentPolicy.neutral.counterbalancing_group.1.n_saved.5000.n_total.4010.n_victims.10.ratio_saved_victims.500.acceptability - How acceptable is it to administer Abacavelam and to kill 10 misdiagnosed patients to save 5,000 Hyena's Ears patients?",scenario.plagueZoklid.neutral.counterbalancing_group.1.n_saved.30.n_total.40.n_victims.10.ratio_saved_victims.3.acceptability_1 - scenario.plagueZoklid.neutral.counterbalancing_group.1.n_saved.30.n_total.40.n_victims.10.ratio_saved_victims.3.acceptability - How acceptable is it to release the pesticides and kill the 10 people underneath to save the 30 people in Nova Mistral?,"scenario.asteroidDefense.neutral.counterbalancing_group.1.n_saved.400.n_total.700.n_victims.300.ratio_saved_victims.1.333333333.acceptability_1 - scenario.asteroidDefense.neutral.counterbalancing_group.1.n_saved.400.n_total.700.n_victims.300.ratio_saved_victims.1.333333333.acceptability - How acceptable is it to launch the deflection mission, thus killing 300 people in Verdania to save 400 people in Azurville?",scenario.valleysFlooding.neutral.counterbalancing_group.1.n_saved.750.n_total.320.n_victims.50.ratio_saved_victims.15.acceptability_1 - scenario.valleysFlooding.neutral.counterbalancing_group.1.n_saved.750.n_total.320.n_victims.50.ratio_saved_victims.15.acceptability - How acceptable is it to open the floodgates and to kill 50 people in Llyne Valley to save the 750 people in Leafside Valley?,"scenario.dietarySupplement.neutral.counterbalancing_group.1.n_saved.200000.n_total.12020.n_victims.200.ratio_saved_victims.1000.acceptability_1 - scenario.dietarySupplement.neutral.counterbalancing_group.1.n_saved.200000.n_total.12020.n_victims.200.ratio_saved_victims.1000.acceptability - How acceptable is to fortify the drinking water with thacium and to kill 200 people with thacium intolerance to save 200,000 people in Minnegamau Isles?","scenario.healthBudget.neutral.counterbalancing_group.1.n_saved.80.n_total.250.n_victims.20.ratio_saved_victims.4.acceptability_1 - scenario.healthBudget.neutral.counterbalancing_group.1.n_saved.80.n_total.250.n_victims.20.ratio_saved_victims.4.acceptability - How acceptable is to buy Zephyrion Disease drugs instead of Astronexis Syndrome drugs, and thus to kill 20 Astronexis Syndrome patients to save 80 people with Zephyrion Disease?","scenario.geneDrive.neutral.counterbalancing_group.1.n_saved.600.n_total.630.n_victims.30.ratio_saved_victims.20.acceptability_1 - scenario.geneDrive.neutral.counterbalancing_group.1.n_saved.600.n_total.630.n_victims.30.ratio_saved_victims.20.acceptability - How acceptable is to eradicate the wintermaw bloodmoth, and thus to kill 30 people in the south to save 600 people in the north?",scenario.remoteTreatment.neutral.counterbalancing_group.1.n_saved.600.n_total.630.n_victims.30.ratio_saved_victims.20.acceptability_1 - scenario.remoteTreatment.neutral.counterbalancing_group.1.n_saved.600.n_total.630.n_victims.30.ratio_saved_victims.20.acceptability - How acceptable is it to kill 30 patients in the hospital to save 600 people in the village?,scenario.toxicFactory.neutral.counterbalancing_group.1.n_saved.40.n_total.600.n_victims.20.ratio_saved_victims.2.acceptability_1 - scenario.toxicFactory.neutral.counterbalancing_group.1.n_saved.40.n_total.600.n_victims.20.ratio_saved_victims.2.acceptability - How acceptable is it to kill the 20 factory workers to save 40 people in the surrounding area?,"scenario.desertAqueduct.neutral.counterbalancing_group.1.n_saved.5000.n_total.4010.n_victims.10.ratio_saved_victims.500.acceptability_1 - scenario.desertAqueduct.neutral.counterbalancing_group.1.n_saved.5000.n_total.4010.n_victims.10.ratio_saved_victims.500.acceptability - How acceptable is it to kill 10 people in Midcross to save 5,000 people in Sandharbor?",scenario.trainBomb.neutral.counterbalancing_group.1.n_saved.80.n_total.250.n_victims.20.ratio_saved_victims.4.acceptability_1 - scenario.trainBomb.neutral.counterbalancing_group.1.n_saved.80.n_total.250.n_victims.20.ratio_saved_victims.4.acceptability - How acceptable is it to kill the 20 people on the train to save 80 people in the station?,"scenario.humanSacrifice.neutral.counterbalancing_group.1.n_saved.200000.n_total.12020.n_victims.200.ratio_saved_victims.1000.acceptability_1 - scenario.humanSacrifice.neutral.counterbalancing_group.1.n_saved.200000.n_total.12020.n_victims.200.ratio_saved_victims.1000.acceptability - How acceptable is it to detain and sacrifice the 200 escapees to save the 200,000 remaining Whotnir?","scenario.treatmentPolicy.neutral.counterbalancing_group.1.n_saved.60000.n_total.24030.n_victims.30.ratio_saved_victims.2000.acceptability_1 - scenario.treatmentPolicy.neutral.counterbalancing_group.1.n_saved.60000.n_total.24030.n_victims.30.ratio_saved_victims.2000.acceptability - How acceptable is it to administer Abacavelam and to kill 30 misdiagnosed patients to save 60,000 Hyena's Ears patients?",scenario.plagueZoklid.neutral.counterbalancing_group.1.n_saved.400.n_total.440.n_victims.40.ratio_saved_victims.10.acceptability_1 - scenario.plagueZoklid.neutral.counterbalancing_group.1.n_saved.400.n_total.440.n_victims.40.ratio_saved_victims.10.acceptability - How acceptable is it to release the pesticides and kill the 40 people underneath to save the 400 people in Nova Mistral?,"scenario.asteroidDefense.neutral.counterbalancing_group.1.n_saved.30.n_total.40.n_victims.10.ratio_saved_victims.3.acceptability_1 - scenario.asteroidDefense.neutral.counterbalancing_group.1.n_saved.30.n_total.40.n_victims.10.ratio_saved_victims.3.acceptability - How acceptable is it to launch the deflection mission, thus killing 10 people in Verdania to save 30 people in Azurville?","scenario.valleysFlooding.neutral.counterbalancing_group.1.n_saved.5000.n_total.5100.n_victims.100.ratio_saved_victims.50.acceptability_1 - scenario.valleysFlooding.neutral.counterbalancing_group.1.n_saved.5000.n_total.5100.n_victims.100.ratio_saved_victims.50.acceptability - How acceptable is it to open the floodgates and to kill 100 people in Llyne Valley to save the 5,000 people in Leafside Valley?",scenario.dietarySupplement.neutral.counterbalancing_group.1.n_saved.400.n_total.700.n_victims.300.ratio_saved_victims.1.333333333.acceptability_1 - scenario.dietarySupplement.neutral.counterbalancing_group.1.n_saved.400.n_total.700.n_victims.300.ratio_saved_victims.1.333333333.acceptability - How acceptable is to fortify the drinking water with thacium and to kill 300 people with thacium intolerance to save 400 people in Minnegamau Isles?,"scenario.healthBudget.neutral.counterbalancing_group.1.n_saved.750.n_total.320.n_victims.50.ratio_saved_victims.15.acceptability_1 - scenario.healthBudget.neutral.counterbalancing_group.1.n_saved.750.n_total.320.n_victims.50.ratio_saved_victims.15.acceptability - How acceptable is to buy Zephyrion Disease drugs instead of Astronexis Syndrome drugs, and thus to kill 50 Astronexis Syndrome patients to save 750 people with Zephyrion Disease?","scenario.geneDrive.neutral.counterbalancing_group.1.n_saved.4000.n_total.4040.n_victims.40.ratio_saved_victims.100.acceptability_1 - scenario.geneDrive.neutral.counterbalancing_group.1.n_saved.4000.n_total.4040.n_victims.40.ratio_saved_victims.100.acceptability - How acceptable is to eradicate the wintermaw bloodmoth, and thus to kill 40 people in the south to save 4,000 people in the north?",scenario.remoteTreatment.neutral.counterbalancing_group.1.n_saved.400.n_total.700.n_victims.300.ratio_saved_victims.1.333333333.acceptability_1 - scenario.remoteTreatment.neutral.counterbalancing_group.1.n_saved.400.n_total.700.n_victims.300.ratio_saved_victims.1.333333333.acceptability - How acceptable is it to kill 300 patients in the hospital to save 400 people in the village?,"scenario.toxicFactory.neutral.counterbalancing_group.1.n_saved.5000.n_total.5100.n_victims.100.ratio_saved_victims.50.acceptability_1 - scenario.toxicFactory.neutral.counterbalancing_group.1.n_saved.5000.n_total.5100.n_victims.100.ratio_saved_victims.50.acceptability - How acceptable is it to kill the 100 factory workers to save 5,000 people in the surrounding area?",scenario.desertAqueduct.neutral.counterbalancing_group.1.n_saved.80.n_total.250.n_victims.20.ratio_saved_victims.4.acceptability_1 - scenario.desertAqueduct.neutral.counterbalancing_group.1.n_saved.80.n_total.250.n_victims.20.ratio_saved_victims.4.acceptability - How acceptable is it to kill 20 people in Midcross to save 80 people in Sandharbor?,"scenario.trainBomb.neutral.counterbalancing_group.1.n_saved.5000.n_total.4010.n_victims.10.ratio_saved_victims.500.acceptability_1 - scenario.trainBomb.neutral.counterbalancing_group.1.n_saved.5000.n_total.4010.n_victims.10.ratio_saved_victims.500.acceptability - How acceptable is it to kill the 10 people on the train to save 5,000 people in the station?",scenario.humanSacrifice.neutral.counterbalancing_group.1.n_saved.400.n_total.440.n_victims.40.ratio_saved_victims.10.acceptability_1 - scenario.humanSacrifice.neutral.counterbalancing_group.1.n_saved.400.n_total.440.n_victims.40.ratio_saved_victims.10.acceptability - How acceptable is it to detain and sacrifice the 40 escapees to save the 400 remaining Whotnir?,scenario.treatmentPolicy.neutral.counterbalancing_group.1.n_saved.750.n_total.320.n_victims.50.ratio_saved_victims.15.acceptability_1 - scenario.treatmentPolicy.neutral.counterbalancing_group.1.n_saved.750.n_total.320.n_victims.50.ratio_saved_victims.15.acceptability - How acceptable is it to administer Abacavelam and to kill 50 misdiagnosed patients to save 750 Hyena's Ears patients?,"scenario.plagueZoklid.neutral.counterbalancing_group.1.n_saved.200000.n_total.12020.n_victims.200.ratio_saved_victims.1000.acceptability_1 - scenario.plagueZoklid.neutral.counterbalancing_group.1.n_saved.200000.n_total.12020.n_victims.200.ratio_saved_victims.1000.acceptability - How acceptable is it to release the pesticides and kill the 200 people underneath to save the 200,000 people in Nova Mistral?","scenario.asteroidDefense.neutral.counterbalancing_group.1.n_saved.4000.n_total.4040.n_victims.40.ratio_saved_victims.100.acceptability_1 - scenario.asteroidDefense.neutral.counterbalancing_group.1.n_saved.4000.n_total.4040.n_victims.40.ratio_saved_victims.100.acceptability - How acceptable is it to launch the deflection mission, thus killing 40 people in Verdania to save 4,000 people in Azurville?",scenario.valleysFlooding.neutral.counterbalancing_group.1.n_saved.40.n_total.600.n_victims.20.ratio_saved_victims.2.acceptability_1 - scenario.valleysFlooding.neutral.counterbalancing_group.1.n_saved.40.n_total.600.n_victims.20.ratio_saved_victims.2.acceptability - How acceptable is it to open the floodgates and to kill 20 people in Llyne Valley to save the 40 people in Leafside Valley?,scenario.dietarySupplement.neutral.counterbalancing_group.1.n_saved.600.n_total.630.n_victims.30.ratio_saved_victims.20.acceptability_1 - scenario.dietarySupplement.neutral.counterbalancing_group.1.n_saved.600.n_total.630.n_victims.30.ratio_saved_victims.20.acceptability - How acceptable is to fortify the drinking water with thacium and to kill 30 people with thacium intolerance to save 600 people in Minnegamau Isles?,"scenario.healthBudget.neutral.counterbalancing_group.1.n_saved.60000.n_total.24030.n_victims.30.ratio_saved_victims.2000.acceptability_1 - scenario.healthBudget.neutral.counterbalancing_group.1.n_saved.60000.n_total.24030.n_victims.30.ratio_saved_victims.2000.acceptability - How acceptable is to buy Zephyrion Disease drugs instead of Astronexis Syndrome drugs, and thus to kill 30 Astronexis Syndrome patients to save 60,000 people with Zephyrion Disease?","scenario.geneDrive.neutral.counterbalancing_group.1.n_saved.30.n_total.40.n_victims.10.ratio_saved_victims.3.acceptability_1 - scenario.geneDrive.neutral.counterbalancing_group.1.n_saved.30.n_total.40.n_victims.10.ratio_saved_victims.3.acceptability - How acceptable is to eradicate the wintermaw bloodmoth, and thus to kill 10 people in the south to save 30 people in the north?","scenario.remoteTreatment.neutral.counterbalancing_group.2.n_saved.3000.n_total.3030.n_victims.30.ratio_saved_victims.100.acceptability_1 - scenario.remoteTreatment.neutral.counterbalancing_group.2.n_saved.3000.n_total.3030.n_victims.30.ratio_saved_victims.100.acceptability - How acceptable is it to kill 30 patients in the hospital to save 3,000 people in the village?",scenario.toxicFactory.neutral.counterbalancing_group.2.n_saved.100.n_total.150.n_victims.50.ratio_saved_victims.2.acceptability_1 - scenario.toxicFactory.neutral.counterbalancing_group.2.n_saved.100.n_total.150.n_victims.50.ratio_saved_victims.2.acceptability - How acceptable is it to kill the 50 factory workers to save 100 people in the surrounding area?,scenario.desertAqueduct.neutral.counterbalancing_group.2.n_saved.300.n_total.320.n_victims.20.ratio_saved_victims.15.acceptability_1 - scenario.desertAqueduct.neutral.counterbalancing_group.2.n_saved.300.n_total.320.n_victims.20.ratio_saved_victims.15.acceptability - How acceptable is it to kill 20 people in Midcross to save 300 people in Sandharbor?,scenario.trainBomb.neutral.counterbalancing_group.2.n_saved.120.n_total.160.n_victims.40.ratio_saved_victims.3.acceptability_1 - scenario.trainBomb.neutral.counterbalancing_group.2.n_saved.120.n_total.160.n_victims.40.ratio_saved_victims.3.acceptability - How acceptable is it to kill the 40 people on the train to save 120 people in the station?,"scenario.humanSacrifice.neutral.counterbalancing_group.2.n_saved.20000.n_total.20020.n_victims.20.ratio_saved_victims.1000.acceptability_1 - scenario.humanSacrifice.neutral.counterbalancing_group.2.n_saved.20000.n_total.20020.n_victims.20.ratio_saved_victims.1000.acceptability - How acceptable is it to detain and sacrifice the 20 escapees to save the 20,000 remaining Whotnir?","scenario.treatmentPolicy.neutral.counterbalancing_group.2.n_saved.3000.n_total.3300.n_victims.300.ratio_saved_victims.10.acceptability_1 - scenario.treatmentPolicy.neutral.counterbalancing_group.2.n_saved.3000.n_total.3300.n_victims.300.ratio_saved_victims.10.acceptability - How acceptable is it to administer Abacavelam and to kill 300 misdiagnosed patients to save 3,000 Hyena's Ears patients?",scenario.plagueZoklid.neutral.counterbalancing_group.2.n_saved.500.n_total.510.n_victims.10.ratio_saved_victims.50.acceptability_1 - scenario.plagueZoklid.neutral.counterbalancing_group.2.n_saved.500.n_total.510.n_victims.10.ratio_saved_victims.50.acceptability - How acceptable is it to release the pesticides and kill the 10 people underneath to save the 500 people in Nova Mistral?,"scenario.asteroidDefense.neutral.counterbalancing_group.2.n_saved.20000.n_total.20040.n_victims.40.ratio_saved_victims.500.acceptability_1 - scenario.asteroidDefense.neutral.counterbalancing_group.2.n_saved.20000.n_total.20040.n_victims.40.ratio_saved_victims.500.acceptability - How acceptable is it to launch the deflection mission, thus killing 40 people in Verdania to save 20,000 people in Azurville?",scenario.valleysFlooding.neutral.counterbalancing_group.2.n_saved.800.n_total.1000.n_victims.200.ratio_saved_victims.4.acceptability_1 - scenario.valleysFlooding.neutral.counterbalancing_group.2.n_saved.800.n_total.1000.n_victims.200.ratio_saved_victims.4.acceptability - How acceptable is it to open the floodgates and to kill 200 people in Llyne Valley to save the 800 people in Leafside Valley?,scenario.dietarySupplement.neutral.counterbalancing_group.2.n_saved.40.n_total.70.n_victims.30.ratio_saved_victims.1.333333333.acceptability_1 - scenario.dietarySupplement.neutral.counterbalancing_group.2.n_saved.40.n_total.70.n_victims.30.ratio_saved_victims.1.333333333.acceptability - How acceptable is to fortify the drinking water with thacium and to kill 30 people with thacium intolerance to save 40 people in Minnegamau Isles?,"scenario.healthBudget.neutral.counterbalancing_group.2.n_saved.200.n_total.210.n_victims.10.ratio_saved_victims.20.acceptability_1 - scenario.healthBudget.neutral.counterbalancing_group.2.n_saved.200.n_total.210.n_victims.10.ratio_saved_victims.20.acceptability - How acceptable is to buy Zephyrion Disease drugs instead of Astronexis Syndrome drugs, and thus to kill 10 Astronexis Syndrome patients to save 200 people with Zephyrion Disease?","scenario.geneDrive.neutral.counterbalancing_group.2.n_saved.200000.n_total.200100.n_victims.100.ratio_saved_victims.2000.acceptability_1 - scenario.geneDrive.neutral.counterbalancing_group.2.n_saved.200000.n_total.200100.n_victims.100.ratio_saved_victims.2000.acceptability - How acceptable is to eradicate the wintermaw bloodmoth, and thus to kill 100 people in the south to save 200,000 people in the north?",scenario.remoteTreatment.neutral.counterbalancing_group.2.n_saved.200.n_total.210.n_victims.10.ratio_saved_victims.20.acceptability_1 - scenario.remoteTreatment.neutral.counterbalancing_group.2.n_saved.200.n_total.210.n_victims.10.ratio_saved_victims.20.acceptability - How acceptable is it to kill 10 patients in the hospital to save 200 people in the village?,"scenario.toxicFactory.neutral.counterbalancing_group.2.n_saved.200000.n_total.200100.n_victims.100.ratio_saved_victims.2000.acceptability_1 - scenario.toxicFactory.neutral.counterbalancing_group.2.n_saved.200000.n_total.200100.n_victims.100.ratio_saved_victims.2000.acceptability - How acceptable is it to kill the 100 factory workers to save 200,000 people in the surrounding area?",scenario.desertAqueduct.neutral.counterbalancing_group.2.n_saved.800.n_total.1000.n_victims.200.ratio_saved_victims.4.acceptability_1 - scenario.desertAqueduct.neutral.counterbalancing_group.2.n_saved.800.n_total.1000.n_victims.200.ratio_saved_victims.4.acceptability - How acceptable is it to kill 200 people in Midcross to save 800 people in Sandharbor?,scenario.trainBomb.neutral.counterbalancing_group.2.n_saved.40.n_total.70.n_victims.30.ratio_saved_victims.1.333333333.acceptability_1 - scenario.trainBomb.neutral.counterbalancing_group.2.n_saved.40.n_total.70.n_victims.30.ratio_saved_victims.1.333333333.acceptability - How acceptable is it to kill the 30 people on the train to save 40 people in the station?,"scenario.humanSacrifice.neutral.counterbalancing_group.2.n_saved.3000.n_total.3030.n_victims.30.ratio_saved_victims.100.acceptability_1 - scenario.humanSacrifice.neutral.counterbalancing_group.2.n_saved.3000.n_total.3030.n_victims.30.ratio_saved_victims.100.acceptability - How acceptable is it to detain and sacrifice the 30 escapees to save the 3,000 remaining Whotnir?",scenario.treatmentPolicy.neutral.counterbalancing_group.2.n_saved.120.n_total.160.n_victims.40.ratio_saved_victims.3.acceptability_1 - scenario.treatmentPolicy.neutral.counterbalancing_group.2.n_saved.120.n_total.160.n_victims.40.ratio_saved_victims.3.acceptability - How acceptable is it to administer Abacavelam and to kill 40 misdiagnosed patients to save 120 Hyena's Ears patients?,scenario.plagueZoklid.neutral.counterbalancing_group.2.n_saved.300.n_total.320.n_victims.20.ratio_saved_victims.15.acceptability_1 - scenario.plagueZoklid.neutral.counterbalancing_group.2.n_saved.300.n_total.320.n_victims.20.ratio_saved_victims.15.acceptability - How acceptable is it to release the pesticides and kill the 20 people underneath to save the 300 people in Nova Mistral?,"scenario.asteroidDefense.neutral.counterbalancing_group.2.n_saved.500.n_total.510.n_victims.10.ratio_saved_victims.50.acceptability_1 - scenario.asteroidDefense.neutral.counterbalancing_group.2.n_saved.500.n_total.510.n_victims.10.ratio_saved_victims.50.acceptability - How acceptable is it to launch the deflection mission, thus killing 10 people in Verdania to save 500 people in Azurville?",scenario.valleysFlooding.neutral.counterbalancing_group.2.n_saved.100.n_total.150.n_victims.50.ratio_saved_victims.2.acceptability_1 - scenario.valleysFlooding.neutral.counterbalancing_group.2.n_saved.100.n_total.150.n_victims.50.ratio_saved_victims.2.acceptability - How acceptable is it to open the floodgates and to kill 50 people in Llyne Valley to save the 100 people in Leafside Valley?,"scenario.dietarySupplement.neutral.counterbalancing_group.2.n_saved.20000.n_total.20020.n_victims.20.ratio_saved_victims.1000.acceptability_1 - scenario.dietarySupplement.neutral.counterbalancing_group.2.n_saved.20000.n_total.20020.n_victims.20.ratio_saved_victims.1000.acceptability - How acceptable is to fortify the drinking water with thacium and to kill 20 people with thacium intolerance to save 20,000 people in Minnegamau Isles?","scenario.healthBudget.neutral.counterbalancing_group.2.n_saved.3000.n_total.3300.n_victims.300.ratio_saved_victims.10.acceptability_1 - scenario.healthBudget.neutral.counterbalancing_group.2.n_saved.3000.n_total.3300.n_victims.300.ratio_saved_victims.10.acceptability - How acceptable is to buy Zephyrion Disease drugs instead of Astronexis Syndrome drugs, and thus to kill 300 Astronexis Syndrome patients to save 3,000 people with Zephyrion Disease?","scenario.geneDrive.neutral.counterbalancing_group.2.n_saved.20000.n_total.20040.n_victims.40.ratio_saved_victims.500.acceptability_1 - scenario.geneDrive.neutral.counterbalancing_group.2.n_saved.20000.n_total.20040.n_victims.40.ratio_saved_victims.500.acceptability - How acceptable is to eradicate the wintermaw bloodmoth, and thus to kill 40 people in the south to save 20,000 people in the north?","scenario.remoteTreatment.neutral.counterbalancing_group.2.n_saved.20000.n_total.20020.n_victims.20.ratio_saved_victims.1000.acceptability_1 - scenario.remoteTreatment.neutral.counterbalancing_group.2.n_saved.20000.n_total.20020.n_victims.20.ratio_saved_victims.1000.acceptability - How acceptable is it to kill 20 patients in the hospital to save 20,000 people in the village?",scenario.toxicFactory.neutral.counterbalancing_group.2.n_saved.800.n_total.1000.n_victims.200.ratio_saved_victims.4.acceptability_1 - scenario.toxicFactory.neutral.counterbalancing_group.2.n_saved.800.n_total.1000.n_victims.200.ratio_saved_victims.4.acceptability - How acceptable is it to kill the 200 factory workers to save 800 people in the surrounding area?,scenario.desertAqueduct.neutral.counterbalancing_group.2.n_saved.500.n_total.510.n_victims.10.ratio_saved_victims.50.acceptability_1 - scenario.desertAqueduct.neutral.counterbalancing_group.2.n_saved.500.n_total.510.n_victims.10.ratio_saved_victims.50.acceptability - How acceptable is it to kill 10 people in Midcross to save 500 people in Sandharbor?,"scenario.trainBomb.neutral.counterbalancing_group.2.n_saved.3000.n_total.3300.n_victims.300.ratio_saved_victims.10.acceptability_1 - scenario.trainBomb.neutral.counterbalancing_group.2.n_saved.3000.n_total.3300.n_victims.300.ratio_saved_victims.10.acceptability - How acceptable is it to kill the 300 people on the train to save 3,000 people in the station?",scenario.humanSacrifice.neutral.counterbalancing_group.2.n_saved.40.n_total.70.n_victims.30.ratio_saved_victims.1.333333333.acceptability_1 - scenario.humanSacrifice.neutral.counterbalancing_group.2.n_saved.40.n_total.70.n_victims.30.ratio_saved_victims.1.333333333.acceptability - How acceptable is it to detain and sacrifice the 30 escapees to save the 40 remaining Whotnir?,scenario.treatmentPolicy.neutral.counterbalancing_group.2.n_saved.200.n_total.210.n_victims.10.ratio_saved_victims.20.acceptability_1 - scenario.treatmentPolicy.neutral.counterbalancing_group.2.n_saved.200.n_total.210.n_victims.10.ratio_saved_victims.20.acceptability - How acceptable is it to administer Abacavelam and to kill 10 misdiagnosed patients to save 200 Hyena's Ears patients?,"scenario.plagueZoklid.neutral.counterbalancing_group.2.n_saved.20000.n_total.20040.n_victims.40.ratio_saved_victims.500.acceptability_1 - scenario.plagueZoklid.neutral.counterbalancing_group.2.n_saved.20000.n_total.20040.n_victims.40.ratio_saved_victims.500.acceptability - How acceptable is it to release the pesticides and kill the 40 people underneath to save the 20,000 people in Nova Mistral?","scenario.asteroidDefense.neutral.counterbalancing_group.2.n_saved.200000.n_total.200100.n_victims.100.ratio_saved_victims.2000.acceptability_1 - scenario.asteroidDefense.neutral.counterbalancing_group.2.n_saved.200000.n_total.200100.n_victims.100.ratio_saved_victims.2000.acceptability - How acceptable is it to launch the deflection mission, thus killing 100 people in Verdania to save 200,000 people in Azurville?",scenario.valleysFlooding.neutral.counterbalancing_group.2.n_saved.300.n_total.320.n_victims.20.ratio_saved_victims.15.acceptability_1 - scenario.valleysFlooding.neutral.counterbalancing_group.2.n_saved.300.n_total.320.n_victims.20.ratio_saved_victims.15.acceptability - How acceptable is it to open the floodgates and to kill 20 people in Llyne Valley to save the 300 people in Leafside Valley?,scenario.dietarySupplement.neutral.counterbalancing_group.2.n_saved.120.n_total.160.n_victims.40.ratio_saved_victims.3.acceptability_1 - scenario.dietarySupplement.neutral.counterbalancing_group.2.n_saved.120.n_total.160.n_victims.40.ratio_saved_victims.3.acceptability - How acceptable is to fortify the drinking water with thacium and to kill 40 people with thacium intolerance to save 120 people in Minnegamau Isles?,"scenario.healthBudget.neutral.counterbalancing_group.2.n_saved.3000.n_total.3030.n_victims.30.ratio_saved_victims.100.acceptability_1 - scenario.healthBudget.neutral.counterbalancing_group.2.n_saved.3000.n_total.3030.n_victims.30.ratio_saved_victims.100.acceptability - How acceptable is to buy Zephyrion Disease drugs instead of Astronexis Syndrome drugs, and thus to kill 30 Astronexis Syndrome patients to save 3,000 people with Zephyrion Disease?","scenario.geneDrive.neutral.counterbalancing_group.2.n_saved.100.n_total.150.n_victims.50.ratio_saved_victims.2.acceptability_1 - scenario.geneDrive.neutral.counterbalancing_group.2.n_saved.100.n_total.150.n_victims.50.ratio_saved_victims.2.acceptability - How acceptable is to eradicate the wintermaw bloodmoth, and thus to kill 50 people in the south to save 100 people in the north?","scenario.remoteTreatment.neutral.counterbalancing_group.2.n_saved.200000.n_total.200100.n_victims.100.ratio_saved_victims.2000.acceptability_1 - scenario.remoteTreatment.neutral.counterbalancing_group.2.n_saved.200000.n_total.200100.n_victims.100.ratio_saved_victims.2000.acceptability - How acceptable is it to kill 100 patients in the hospital to save 200,000 people in the village?","scenario.toxicFactory.neutral.counterbalancing_group.2.n_saved.3000.n_total.3300.n_victims.300.ratio_saved_victims.10.acceptability_1 - scenario.toxicFactory.neutral.counterbalancing_group.2.n_saved.3000.n_total.3300.n_victims.300.ratio_saved_victims.10.acceptability - How acceptable is it to kill the 300 factory workers to save 3,000 people in the surrounding area?","scenario.desertAqueduct.neutral.counterbalancing_group.2.n_saved.3000.n_total.3030.n_victims.30.ratio_saved_victims.100.acceptability_1 - scenario.desertAqueduct.neutral.counterbalancing_group.2.n_saved.3000.n_total.3030.n_victims.30.ratio_saved_victims.100.acceptability - How acceptable is it to kill 30 people in Midcross to save 3,000 people in Sandharbor?",scenario.trainBomb.neutral.counterbalancing_group.2.n_saved.300.n_total.320.n_victims.20.ratio_saved_victims.15.acceptability_1 - scenario.trainBomb.neutral.counterbalancing_group.2.n_saved.300.n_total.320.n_victims.20.ratio_saved_victims.15.acceptability - How acceptable is it to kill the 20 people on the train to save 300 people in the station?,scenario.humanSacrifice.neutral.counterbalancing_group.2.n_saved.100.n_total.150.n_victims.50.ratio_saved_victims.2.acceptability_1 - scenario.humanSacrifice.neutral.counterbalancing_group.2.n_saved.100.n_total.150.n_victims.50.ratio_saved_victims.2.acceptability - How acceptable is it to detain and sacrifice the 50 escapees to save the 100 remaining Whotnir?,scenario.treatmentPolicy.neutral.counterbalancing_group.2.n_saved.500.n_total.510.n_victims.10.ratio_saved_victims.50.acceptability_1 - scenario.treatmentPolicy.neutral.counterbalancing_group.2.n_saved.500.n_total.510.n_victims.10.ratio_saved_victims.50.acceptability - How acceptable is it to administer Abacavelam and to kill 10 misdiagnosed patients to save 500 Hyena's Ears patients?,"scenario.plagueZoklid.neutral.counterbalancing_group.2.n_saved.20000.n_total.20020.n_victims.20.ratio_saved_victims.1000.acceptability_1 - scenario.plagueZoklid.neutral.counterbalancing_group.2.n_saved.20000.n_total.20020.n_victims.20.ratio_saved_victims.1000.acceptability - How acceptable is it to release the pesticides and kill the 20 people underneath to save the 20,000 people in Nova Mistral?","scenario.asteroidDefense.neutral.counterbalancing_group.2.n_saved.40.n_total.70.n_victims.30.ratio_saved_victims.1.333333333.acceptability_1 - scenario.asteroidDefense.neutral.counterbalancing_group.2.n_saved.40.n_total.70.n_victims.30.ratio_saved_victims.1.333333333.acceptability - How acceptable is it to launch the deflection mission, thus killing 30 people in Verdania to save 40 people in Azurville?",scenario.valleysFlooding.neutral.counterbalancing_group.2.n_saved.200.n_total.210.n_victims.10.ratio_saved_victims.20.acceptability_1 - scenario.valleysFlooding.neutral.counterbalancing_group.2.n_saved.200.n_total.210.n_victims.10.ratio_saved_victims.20.acceptability - How acceptable is it to open the floodgates and to kill 10 people in Llyne Valley to save the 200 people in Leafside Valley?,scenario.dietarySupplement.neutral.counterbalancing_group.2.n_saved.800.n_total.1000.n_victims.200.ratio_saved_victims.4.acceptability_1 - scenario.dietarySupplement.neutral.counterbalancing_group.2.n_saved.800.n_total.1000.n_victims.200.ratio_saved_victims.4.acceptability - How acceptable is to fortify the drinking water with thacium and to kill 200 people with thacium intolerance to save 800 people in Minnegamau Isles?,"scenario.healthBudget.neutral.counterbalancing_group.2.n_saved.20000.n_total.20040.n_victims.40.ratio_saved_victims.500.acceptability_1 - scenario.healthBudget.neutral.counterbalancing_group.2.n_saved.20000.n_total.20040.n_victims.40.ratio_saved_victims.500.acceptability - How acceptable is to buy Zephyrion Disease drugs instead of Astronexis Syndrome drugs, and thus to kill 40 Astronexis Syndrome patients to save 20,000 people with Zephyrion Disease?","scenario.geneDrive.neutral.counterbalancing_group.2.n_saved.120.n_total.160.n_victims.40.ratio_saved_victims.3.acceptability_1 - scenario.geneDrive.neutral.counterbalancing_group.2.n_saved.120.n_total.160.n_victims.40.ratio_saved_victims.3.acceptability - How acceptable is to eradicate the wintermaw bloodmoth, and thus to kill 40 people in the south to save 120 people in the north?","scenario.remoteTreatment.neutral.counterbalancing_group.2.n_saved.3000.n_total.3300.n_victims.300.ratio_saved_victims.10.acceptability_1 - scenario.remoteTreatment.neutral.counterbalancing_group.2.n_saved.3000.n_total.3300.n_victims.300.ratio_saved_victims.10.acceptability - How acceptable is it to kill 300 patients in the hospital to save 3,000 people in the village?","scenario.toxicFactory.neutral.counterbalancing_group.2.n_saved.20000.n_total.20040.n_victims.40.ratio_saved_victims.500.acceptability_1 - scenario.toxicFactory.neutral.counterbalancing_group.2.n_saved.20000.n_total.20040.n_victims.40.ratio_saved_victims.500.acceptability - How acceptable is it to kill the 40 factory workers to save 20,000 people in the surrounding area?",scenario.desertAqueduct.neutral.counterbalancing_group.2.n_saved.100.n_total.150.n_victims.50.ratio_saved_victims.2.acceptability_1 - scenario.desertAqueduct.neutral.counterbalancing_group.2.n_saved.100.n_total.150.n_victims.50.ratio_saved_victims.2.acceptability - How acceptable is it to kill 50 people in Midcross to save 100 people in Sandharbor?,"scenario.trainBomb.neutral.counterbalancing_group.2.n_saved.20000.n_total.20020.n_victims.20.ratio_saved_victims.1000.acceptability_1 - scenario.trainBomb.neutral.counterbalancing_group.2.n_saved.20000.n_total.20020.n_victims.20.ratio_saved_victims.1000.acceptability - How acceptable is it to kill the 20 people on the train to save 20,000 people in the station?",scenario.humanSacrifice.neutral.counterbalancing_group.2.n_saved.200.n_total.210.n_victims.10.ratio_saved_victims.20.acceptability_1 - scenario.humanSacrifice.neutral.counterbalancing_group.2.n_saved.200.n_total.210.n_victims.10.ratio_saved_victims.20.acceptability - How acceptable is it to detain and sacrifice the 10 escapees to save the 200 remaining Whotnir?,scenario.treatmentPolicy.neutral.counterbalancing_group.2.n_saved.40.n_total.70.n_victims.30.ratio_saved_victims.1.333333333.acceptability_1 - scenario.treatmentPolicy.neutral.counterbalancing_group.2.n_saved.40.n_total.70.n_victims.30.ratio_saved_victims.1.333333333.acceptability - How acceptable is it to administer Abacavelam and to kill 30 misdiagnosed patients to save 40 Hyena's Ears patients?,scenario.plagueZoklid.neutral.counterbalancing_group.2.n_saved.800.n_total.1000.n_victims.200.ratio_saved_victims.4.acceptability_1 - scenario.plagueZoklid.neutral.counterbalancing_group.2.n_saved.800.n_total.1000.n_victims.200.ratio_saved_victims.4.acceptability - How acceptable is it to release the pesticides and kill the 200 people underneath to save the 800 people in Nova Mistral?,"scenario.asteroidDefense.neutral.counterbalancing_group.2.n_saved.300.n_total.320.n_victims.20.ratio_saved_victims.15.acceptability_1 - scenario.asteroidDefense.neutral.counterbalancing_group.2.n_saved.300.n_total.320.n_victims.20.ratio_saved_victims.15.acceptability - How acceptable is it to launch the deflection mission, thus killing 20 people in Verdania to save 300 people in Azurville?","scenario.valleysFlooding.neutral.counterbalancing_group.2.n_saved.200000.n_total.200100.n_victims.100.ratio_saved_victims.2000.acceptability_1 - scenario.valleysFlooding.neutral.counterbalancing_group.2.n_saved.200000.n_total.200100.n_victims.100.ratio_saved_victims.2000.acceptability - How acceptable is it to open the floodgates and to kill 100 people in Llyne Valley to save the 200,000 people in Leafside Valley?","scenario.dietarySupplement.neutral.counterbalancing_group.2.n_saved.3000.n_total.3030.n_victims.30.ratio_saved_victims.100.acceptability_1 - scenario.dietarySupplement.neutral.counterbalancing_group.2.n_saved.3000.n_total.3030.n_victims.30.ratio_saved_victims.100.acceptability - How acceptable is to fortify the drinking water with thacium and to kill 30 people with thacium intolerance to save 3,000 people in Minnegamau Isles?","scenario.healthBudget.neutral.counterbalancing_group.2.n_saved.120.n_total.160.n_victims.40.ratio_saved_victims.3.acceptability_1 - scenario.healthBudget.neutral.counterbalancing_group.2.n_saved.120.n_total.160.n_victims.40.ratio_saved_victims.3.acceptability - How acceptable is to buy Zephyrion Disease drugs instead of Astronexis Syndrome drugs, and thus to kill 40 Astronexis Syndrome patients to save 120 people with Zephyrion Disease?","scenario.geneDrive.neutral.counterbalancing_group.2.n_saved.500.n_total.510.n_victims.10.ratio_saved_victims.50.acceptability_1 - scenario.geneDrive.neutral.counterbalancing_group.2.n_saved.500.n_total.510.n_victims.10.ratio_saved_victims.50.acceptability - How acceptable is to eradicate the wintermaw bloodmoth, and thus to kill 10 people in the south to save 500 people in the north?","scenario.remoteTreatment.neutral.counterbalancing_group.2.n_saved.20000.n_total.20040.n_victims.40.ratio_saved_victims.500.acceptability_1 - scenario.remoteTreatment.neutral.counterbalancing_group.2.n_saved.20000.n_total.20040.n_victims.40.ratio_saved_victims.500.acceptability - How acceptable is it to kill 40 patients in the hospital to save 20,000 people in the village?",scenario.toxicFactory.neutral.counterbalancing_group.2.n_saved.120.n_total.160.n_victims.40.ratio_saved_victims.3.acceptability_1 - scenario.toxicFactory.neutral.counterbalancing_group.2.n_saved.120.n_total.160.n_victims.40.ratio_saved_victims.3.acceptability - How acceptable is it to kill the 40 factory workers to save 120 people in the surrounding area?,scenario.desertAqueduct.neutral.counterbalancing_group.2.n_saved.200.n_total.210.n_victims.10.ratio_saved_victims.20.acceptability_1 - scenario.desertAqueduct.neutral.counterbalancing_group.2.n_saved.200.n_total.210.n_victims.10.ratio_saved_victims.20.acceptability - How acceptable is it to kill 10 people in Midcross to save 200 people in Sandharbor?,scenario.trainBomb.neutral.counterbalancing_group.2.n_saved.800.n_total.1000.n_victims.200.ratio_saved_victims.4.acceptability_1 - scenario.trainBomb.neutral.counterbalancing_group.2.n_saved.800.n_total.1000.n_victims.200.ratio_saved_victims.4.acceptability - How acceptable is it to kill the 200 people on the train to save 800 people in the station?,"scenario.humanSacrifice.neutral.counterbalancing_group.2.n_saved.200000.n_total.200100.n_victims.100.ratio_saved_victims.2000.acceptability_1 - scenario.humanSacrifice.neutral.counterbalancing_group.2.n_saved.200000.n_total.200100.n_victims.100.ratio_saved_victims.2000.acceptability - How acceptable is it to detain and sacrifice the 100 escapees to save the 200,000 remaining Whotnir?",scenario.treatmentPolicy.neutral.counterbalancing_group.2.n_saved.300.n_total.320.n_victims.20.ratio_saved_victims.15.acceptability_1 - scenario.treatmentPolicy.neutral.counterbalancing_group.2.n_saved.300.n_total.320.n_victims.20.ratio_saved_victims.15.acceptability - How acceptable is it to administer Abacavelam and to kill 20 misdiagnosed patients to save 300 Hyena's Ears patients?,"scenario.plagueZoklid.neutral.counterbalancing_group.2.n_saved.3000.n_total.3030.n_victims.30.ratio_saved_victims.100.acceptability_1 - scenario.plagueZoklid.neutral.counterbalancing_group.2.n_saved.3000.n_total.3030.n_victims.30.ratio_saved_victims.100.acceptability - How acceptable is it to release the pesticides and kill the 30 people underneath to save the 3,000 people in Nova Mistral?","scenario.asteroidDefense.neutral.counterbalancing_group.2.n_saved.20000.n_total.20020.n_victims.20.ratio_saved_victims.1000.acceptability_1 - scenario.asteroidDefense.neutral.counterbalancing_group.2.n_saved.20000.n_total.20020.n_victims.20.ratio_saved_victims.1000.acceptability - How acceptable is it to launch the deflection mission, thus killing 20 people in Verdania to save 20,000 people in Azurville?","scenario.valleysFlooding.neutral.counterbalancing_group.2.n_saved.3000.n_total.3300.n_victims.300.ratio_saved_victims.10.acceptability_1 - scenario.valleysFlooding.neutral.counterbalancing_group.2.n_saved.3000.n_total.3300.n_victims.300.ratio_saved_victims.10.acceptability - How acceptable is it to open the floodgates and to kill 300 people in Llyne Valley to save the 3,000 people in Leafside Valley?",scenario.dietarySupplement.neutral.counterbalancing_group.2.n_saved.100.n_total.150.n_victims.50.ratio_saved_victims.2.acceptability_1 - scenario.dietarySupplement.neutral.counterbalancing_group.2.n_saved.100.n_total.150.n_victims.50.ratio_saved_victims.2.acceptability - How acceptable is to fortify the drinking water with thacium and to kill 50 people with thacium intolerance to save 100 people in Minnegamau Isles?,"scenario.healthBudget.neutral.counterbalancing_group.2.n_saved.500.n_total.510.n_victims.10.ratio_saved_victims.50.acceptability_1 - scenario.healthBudget.neutral.counterbalancing_group.2.n_saved.500.n_total.510.n_victims.10.ratio_saved_victims.50.acceptability - How acceptable is to buy Zephyrion Disease drugs instead of Astronexis Syndrome drugs, and thus to kill 10 Astronexis Syndrome patients to save 500 people with Zephyrion Disease?","scenario.geneDrive.neutral.counterbalancing_group.2.n_saved.40.n_total.70.n_victims.30.ratio_saved_victims.1.333333333.acceptability_1 - scenario.geneDrive.neutral.counterbalancing_group.2.n_saved.40.n_total.70.n_victims.30.ratio_saved_victims.1.333333333.acceptability - How acceptable is to eradicate the wintermaw bloodmoth, and thus to kill 30 people in the south to save 40 people in the north?",scenario.remoteTreatment.neutral.counterbalancing_group.2.n_saved.500.n_total.510.n_victims.10.ratio_saved_victims.50.acceptability_1 - scenario.remoteTreatment.neutral.counterbalancing_group.2.n_saved.500.n_total.510.n_victims.10.ratio_saved_victims.50.acceptability - How acceptable is it to kill 10 patients in the hospital to save 500 people in the village?,scenario.toxicFactory.neutral.counterbalancing_group.2.n_saved.40.n_total.70.n_victims.30.ratio_saved_victims.1.333333333.acceptability_1 - scenario.toxicFactory.neutral.counterbalancing_group.2.n_saved.40.n_total.70.n_victims.30.ratio_saved_victims.1.333333333.acceptability - How acceptable is it to kill the 30 factory workers to save 40 people in the surrounding area?,"scenario.desertAqueduct.neutral.counterbalancing_group.2.n_saved.3000.n_total.3300.n_victims.300.ratio_saved_victims.10.acceptability_1 - scenario.desertAqueduct.neutral.counterbalancing_group.2.n_saved.3000.n_total.3300.n_victims.300.ratio_saved_victims.10.acceptability - How acceptable is it to kill 300 people in Midcross to save 3,000 people in Sandharbor?",scenario.trainBomb.neutral.counterbalancing_group.2.n_saved.100.n_total.150.n_victims.50.ratio_saved_victims.2.acceptability_1 - scenario.trainBomb.neutral.counterbalancing_group.2.n_saved.100.n_total.150.n_victims.50.ratio_saved_victims.2.acceptability - How acceptable is it to kill the 50 people on the train to save 100 people in the station?,"scenario.humanSacrifice.neutral.counterbalancing_group.2.n_saved.20000.n_total.20040.n_victims.40.ratio_saved_victims.500.acceptability_1 - scenario.humanSacrifice.neutral.counterbalancing_group.2.n_saved.20000.n_total.20040.n_victims.40.ratio_saved_victims.500.acceptability - How acceptable is it to detain and sacrifice the 40 escapees to save the 20,000 remaining Whotnir?",scenario.treatmentPolicy.neutral.counterbalancing_group.2.n_saved.800.n_total.1000.n_victims.200.ratio_saved_victims.4.acceptability_1 - scenario.treatmentPolicy.neutral.counterbalancing_group.2.n_saved.800.n_total.1000.n_victims.200.ratio_saved_victims.4.acceptability - How acceptable is it to administer Abacavelam and to kill 200 misdiagnosed patients to save 800 Hyena's Ears patients?,scenario.plagueZoklid.neutral.counterbalancing_group.2.n_saved.200.n_total.210.n_victims.10.ratio_saved_victims.20.acceptability_1 - scenario.plagueZoklid.neutral.counterbalancing_group.2.n_saved.200.n_total.210.n_victims.10.ratio_saved_victims.20.acceptability - How acceptable is it to release the pesticides and kill the 10 people underneath to save the 200 people in Nova Mistral?,"scenario.asteroidDefense.neutral.counterbalancing_group.2.n_saved.3000.n_total.3030.n_victims.30.ratio_saved_victims.100.acceptability_1 - scenario.asteroidDefense.neutral.counterbalancing_group.2.n_saved.3000.n_total.3030.n_victims.30.ratio_saved_victims.100.acceptability - How acceptable is it to launch the deflection mission, thus killing 30 people in Verdania to save 3,000 people in Azurville?",scenario.valleysFlooding.neutral.counterbalancing_group.2.n_saved.120.n_total.160.n_victims.40.ratio_saved_victims.3.acceptability_1 - scenario.valleysFlooding.neutral.counterbalancing_group.2.n_saved.120.n_total.160.n_victims.40.ratio_saved_victims.3.acceptability - How acceptable is it to open the floodgates and to kill 40 people in Llyne Valley to save the 120 people in Leafside Valley?,"scenario.dietarySupplement.neutral.counterbalancing_group.2.n_saved.200000.n_total.200100.n_victims.100.ratio_saved_victims.2000.acceptability_1 - scenario.dietarySupplement.neutral.counterbalancing_group.2.n_saved.200000.n_total.200100.n_victims.100.ratio_saved_victims.2000.acceptability - How acceptable is to fortify the drinking water with thacium and to kill 100 people with thacium intolerance to save 200,000 people in Minnegamau Isles?","scenario.healthBudget.neutral.counterbalancing_group.2.n_saved.300.n_total.320.n_victims.20.ratio_saved_victims.15.acceptability_1 - scenario.healthBudget.neutral.counterbalancing_group.2.n_saved.300.n_total.320.n_victims.20.ratio_saved_victims.15.acceptability - How acceptable is to buy Zephyrion Disease drugs instead of Astronexis Syndrome drugs, and thus to kill 20 Astronexis Syndrome patients to save 300 people with Zephyrion Disease?","scenario.geneDrive.neutral.counterbalancing_group.2.n_saved.20000.n_total.20020.n_victims.20.ratio_saved_victims.1000.acceptability_1 - scenario.geneDrive.neutral.counterbalancing_group.2.n_saved.20000.n_total.20020.n_victims.20.ratio_saved_victims.1000.acceptability - How acceptable is to eradicate the wintermaw bloodmoth, and thus to kill 20 people in the south to save 20,000 people in the north?",scenario.remoteTreatment.neutral.counterbalancing_group.2.n_saved.100.n_total.150.n_victims.50.ratio_saved_victims.2.acceptability_1 - scenario.remoteTreatment.neutral.counterbalancing_group.2.n_saved.100.n_total.150.n_victims.50.ratio_saved_victims.2.acceptability - How acceptable is it to kill 50 patients in the hospital to save 100 people in the village?,scenario.toxicFactory.neutral.counterbalancing_group.2.n_saved.200.n_total.210.n_victims.10.ratio_saved_victims.20.acceptability_1 - scenario.toxicFactory.neutral.counterbalancing_group.2.n_saved.200.n_total.210.n_victims.10.ratio_saved_victims.20.acceptability - How acceptable is it to kill the 10 factory workers to save 200 people in the surrounding area?,"scenario.desertAqueduct.neutral.counterbalancing_group.2.n_saved.20000.n_total.20020.n_victims.20.ratio_saved_victims.1000.acceptability_1 - scenario.desertAqueduct.neutral.counterbalancing_group.2.n_saved.20000.n_total.20020.n_victims.20.ratio_saved_victims.1000.acceptability - How acceptable is it to kill 20 people in Midcross to save 20,000 people in Sandharbor?",scenario.trainBomb.neutral.counterbalancing_group.2.n_saved.500.n_total.510.n_victims.10.ratio_saved_victims.50.acceptability_1 - scenario.trainBomb.neutral.counterbalancing_group.2.n_saved.500.n_total.510.n_victims.10.ratio_saved_victims.50.acceptability - How acceptable is it to kill the 10 people on the train to save 500 people in the station?,scenario.humanSacrifice.neutral.counterbalancing_group.2.n_saved.800.n_total.1000.n_victims.200.ratio_saved_victims.4.acceptability_1 - scenario.humanSacrifice.neutral.counterbalancing_group.2.n_saved.800.n_total.1000.n_victims.200.ratio_saved_victims.4.acceptability - How acceptable is it to detain and sacrifice the 200 escapees to save the 800 remaining Whotnir?,"scenario.treatmentPolicy.neutral.counterbalancing_group.2.n_saved.20000.n_total.20040.n_victims.40.ratio_saved_victims.500.acceptability_1 - scenario.treatmentPolicy.neutral.counterbalancing_group.2.n_saved.20000.n_total.20040.n_victims.40.ratio_saved_victims.500.acceptability - How acceptable is it to administer Abacavelam and to kill 40 misdiagnosed patients to save 20,000 Hyena's Ears patients?",scenario.plagueZoklid.neutral.counterbalancing_group.2.n_saved.40.n_total.70.n_victims.30.ratio_saved_victims.1.333333333.acceptability_1 - scenario.plagueZoklid.neutral.counterbalancing_group.2.n_saved.40.n_total.70.n_victims.30.ratio_saved_victims.1.333333333.acceptability - How acceptable is it to release the pesticides and kill the 30 people underneath to save the 40 people in Nova Mistral?,"scenario.asteroidDefense.neutral.counterbalancing_group.2.n_saved.120.n_total.160.n_victims.40.ratio_saved_victims.3.acceptability_1 - scenario.asteroidDefense.neutral.counterbalancing_group.2.n_saved.120.n_total.160.n_victims.40.ratio_saved_victims.3.acceptability - How acceptable is it to launch the deflection mission, thus killing 40 people in Verdania to save 120 people in Azurville?","scenario.valleysFlooding.neutral.counterbalancing_group.2.n_saved.3000.n_total.3030.n_victims.30.ratio_saved_victims.100.acceptability_1 - scenario.valleysFlooding.neutral.counterbalancing_group.2.n_saved.3000.n_total.3030.n_victims.30.ratio_saved_victims.100.acceptability - How acceptable is it to open the floodgates and to kill 30 people in Llyne Valley to save the 3,000 people in Leafside Valley?",scenario.dietarySupplement.neutral.counterbalancing_group.2.n_saved.300.n_total.320.n_victims.20.ratio_saved_victims.15.acceptability_1 - scenario.dietarySupplement.neutral.counterbalancing_group.2.n_saved.300.n_total.320.n_victims.20.ratio_saved_victims.15.acceptability - How acceptable is to fortify the drinking water with thacium and to kill 20 people with thacium intolerance to save 300 people in Minnegamau Isles?,"scenario.healthBudget.neutral.counterbalancing_group.2.n_saved.200000.n_total.200100.n_victims.100.ratio_saved_victims.2000.acceptability_1 - scenario.healthBudget.neutral.counterbalancing_group.2.n_saved.200000.n_total.200100.n_victims.100.ratio_saved_victims.2000.acceptability - How acceptable is to buy Zephyrion Disease drugs instead of Astronexis Syndrome drugs, and thus to kill 100 Astronexis Syndrome patients to save 200,000 people with Zephyrion Disease?","scenario.geneDrive.neutral.counterbalancing_group.2.n_saved.3000.n_total.3300.n_victims.300.ratio_saved_victims.10.acceptability_1 - scenario.geneDrive.neutral.counterbalancing_group.2.n_saved.3000.n_total.3300.n_victims.300.ratio_saved_victims.10.acceptability - How acceptable is to eradicate the wintermaw bloodmoth, and thus to kill 300 people in the south to save 3,000 people in the north?",scenario.remoteTreatment.neutral.counterbalancing_group.2.n_saved.300.n_total.320.n_victims.20.ratio_saved_victims.15.acceptability_1 - scenario.remoteTreatment.neutral.counterbalancing_group.2.n_saved.300.n_total.320.n_victims.20.ratio_saved_victims.15.acceptability - How acceptable is it to kill 20 patients in the hospital to save 300 people in the village?,"scenario.toxicFactory.neutral.counterbalancing_group.2.n_saved.20000.n_total.20020.n_victims.20.ratio_saved_victims.1000.acceptability_1 - scenario.toxicFactory.neutral.counterbalancing_group.2.n_saved.20000.n_total.20020.n_victims.20.ratio_saved_victims.1000.acceptability - How acceptable is it to kill the 20 factory workers to save 20,000 people in the surrounding area?",scenario.desertAqueduct.neutral.counterbalancing_group.2.n_saved.120.n_total.160.n_victims.40.ratio_saved_victims.3.acceptability_1 - scenario.desertAqueduct.neutral.counterbalancing_group.2.n_saved.120.n_total.160.n_victims.40.ratio_saved_victims.3.acceptability - How acceptable is it to kill 40 people in Midcross to save 120 people in Sandharbor?,"scenario.trainBomb.neutral.counterbalancing_group.2.n_saved.200000.n_total.200100.n_victims.100.ratio_saved_victims.2000.acceptability_1 - scenario.trainBomb.neutral.counterbalancing_group.2.n_saved.200000.n_total.200100.n_victims.100.ratio_saved_victims.2000.acceptability - How acceptable is it to kill the 100 people on the train to save 200,000 people in the station?",scenario.humanSacrifice.neutral.counterbalancing_group.2.n_saved.500.n_total.510.n_victims.10.ratio_saved_victims.50.acceptability_1 - scenario.humanSacrifice.neutral.counterbalancing_group.2.n_saved.500.n_total.510.n_victims.10.ratio_saved_victims.50.acceptability - How acceptable is it to detain and sacrifice the 10 escapees to save the 500 remaining Whotnir?,scenario.treatmentPolicy.neutral.counterbalancing_group.2.n_saved.100.n_total.150.n_victims.50.ratio_saved_victims.2.acceptability_1 - scenario.treatmentPolicy.neutral.counterbalancing_group.2.n_saved.100.n_total.150.n_victims.50.ratio_saved_victims.2.acceptability - How acceptable is it to administer Abacavelam and to kill 50 misdiagnosed patients to save 100 Hyena's Ears patients?,"scenario.plagueZoklid.neutral.counterbalancing_group.2.n_saved.3000.n_total.3300.n_victims.300.ratio_saved_victims.10.acceptability_1 - scenario.plagueZoklid.neutral.counterbalancing_group.2.n_saved.3000.n_total.3300.n_victims.300.ratio_saved_victims.10.acceptability - How acceptable is it to release the pesticides and kill the 300 people underneath to save the 3,000 people in Nova Mistral?","scenario.asteroidDefense.neutral.counterbalancing_group.2.n_saved.200.n_total.210.n_victims.10.ratio_saved_victims.20.acceptability_1 - scenario.asteroidDefense.neutral.counterbalancing_group.2.n_saved.200.n_total.210.n_victims.10.ratio_saved_victims.20.acceptability - How acceptable is it to launch the deflection mission, thus killing 10 people in Verdania to save 200 people in Azurville?",scenario.valleysFlooding.neutral.counterbalancing_group.2.n_saved.40.n_total.70.n_victims.30.ratio_saved_victims.1.333333333.acceptability_1 - scenario.valleysFlooding.neutral.counterbalancing_group.2.n_saved.40.n_total.70.n_victims.30.ratio_saved_victims.1.333333333.acceptability - How acceptable is it to open the floodgates and to kill 30 people in Llyne Valley to save the 40 people in Leafside Valley?,"scenario.dietarySupplement.neutral.counterbalancing_group.2.n_saved.20000.n_total.20040.n_victims.40.ratio_saved_victims.500.acceptability_1 - scenario.dietarySupplement.neutral.counterbalancing_group.2.n_saved.20000.n_total.20040.n_victims.40.ratio_saved_victims.500.acceptability - How acceptable is to fortify the drinking water with thacium and to kill 40 people with thacium intolerance to save 20,000 people in Minnegamau Isles?","scenario.healthBudget.neutral.counterbalancing_group.2.n_saved.800.n_total.1000.n_victims.200.ratio_saved_victims.4.acceptability_1 - scenario.healthBudget.neutral.counterbalancing_group.2.n_saved.800.n_total.1000.n_victims.200.ratio_saved_victims.4.acceptability - How acceptable is to buy Zephyrion Disease drugs instead of Astronexis Syndrome drugs, and thus to kill 200 Astronexis Syndrome patients to save 800 people with Zephyrion Disease?","scenario.geneDrive.neutral.counterbalancing_group.2.n_saved.3000.n_total.3030.n_victims.30.ratio_saved_victims.100.acceptability_1 - scenario.geneDrive.neutral.counterbalancing_group.2.n_saved.3000.n_total.3030.n_victims.30.ratio_saved_victims.100.acceptability - How acceptable is to eradicate the wintermaw bloodmoth, and thus to kill 30 people in the south to save 3,000 people in the north?",scenario.remoteTreatment.neutral.counterbalancing_group.2.n_saved.800.n_total.1000.n_victims.200.ratio_saved_victims.4.acceptability_1 - scenario.remoteTreatment.neutral.counterbalancing_group.2.n_saved.800.n_total.1000.n_victims.200.ratio_saved_victims.4.acceptability - How acceptable is it to kill 200 patients in the hospital to save 800 people in the village?,"scenario.toxicFactory.neutral.counterbalancing_group.2.n_saved.3000.n_total.3030.n_victims.30.ratio_saved_victims.100.acceptability_1 - scenario.toxicFactory.neutral.counterbalancing_group.2.n_saved.3000.n_total.3030.n_victims.30.ratio_saved_victims.100.acceptability - How acceptable is it to kill the 30 factory workers to save 3,000 people in the surrounding area?",scenario.desertAqueduct.neutral.counterbalancing_group.2.n_saved.40.n_total.70.n_victims.30.ratio_saved_victims.1.333333333.acceptability_1 - scenario.desertAqueduct.neutral.counterbalancing_group.2.n_saved.40.n_total.70.n_victims.30.ratio_saved_victims.1.333333333.acceptability - How acceptable is it to kill 30 people in Midcross to save 40 people in Sandharbor?,"scenario.trainBomb.neutral.counterbalancing_group.2.n_saved.20000.n_total.20040.n_victims.40.ratio_saved_victims.500.acceptability_1 - scenario.trainBomb.neutral.counterbalancing_group.2.n_saved.20000.n_total.20040.n_victims.40.ratio_saved_victims.500.acceptability - How acceptable is it to kill the 40 people on the train to save 20,000 people in the station?",scenario.humanSacrifice.neutral.counterbalancing_group.2.n_saved.300.n_total.320.n_victims.20.ratio_saved_victims.15.acceptability_1 - scenario.humanSacrifice.neutral.counterbalancing_group.2.n_saved.300.n_total.320.n_victims.20.ratio_saved_victims.15.acceptability - How acceptable is it to detain and sacrifice the 20 escapees to save the 300 remaining Whotnir?,"scenario.treatmentPolicy.neutral.counterbalancing_group.2.n_saved.200000.n_total.200100.n_victims.100.ratio_saved_victims.2000.acceptability_1 - scenario.treatmentPolicy.neutral.counterbalancing_group.2.n_saved.200000.n_total.200100.n_victims.100.ratio_saved_victims.2000.acceptability - How acceptable is it to administer Abacavelam and to kill 100 misdiagnosed patients to save 200,000 Hyena's Ears patients?",scenario.plagueZoklid.neutral.counterbalancing_group.2.n_saved.120.n_total.160.n_victims.40.ratio_saved_victims.3.acceptability_1 - scenario.plagueZoklid.neutral.counterbalancing_group.2.n_saved.120.n_total.160.n_victims.40.ratio_saved_victims.3.acceptability - How acceptable is it to release the pesticides and kill the 40 people underneath to save the 120 people in Nova Mistral?,"scenario.asteroidDefense.neutral.counterbalancing_group.2.n_saved.3000.n_total.3300.n_victims.300.ratio_saved_victims.10.acceptability_1 - scenario.asteroidDefense.neutral.counterbalancing_group.2.n_saved.3000.n_total.3300.n_victims.300.ratio_saved_victims.10.acceptability - How acceptable is it to launch the deflection mission, thus killing 300 people in Verdania to save 3,000 people in Azurville?","scenario.valleysFlooding.neutral.counterbalancing_group.2.n_saved.20000.n_total.20020.n_victims.20.ratio_saved_victims.1000.acceptability_1 - scenario.valleysFlooding.neutral.counterbalancing_group.2.n_saved.20000.n_total.20020.n_victims.20.ratio_saved_victims.1000.acceptability - How acceptable is it to open the floodgates and to kill 20 people in Llyne Valley to save the 20,000 people in Leafside Valley?",scenario.dietarySupplement.neutral.counterbalancing_group.2.n_saved.500.n_total.510.n_victims.10.ratio_saved_victims.50.acceptability_1 - scenario.dietarySupplement.neutral.counterbalancing_group.2.n_saved.500.n_total.510.n_victims.10.ratio_saved_victims.50.acceptability - How acceptable is to fortify the drinking water with thacium and to kill 10 people with thacium intolerance to save 500 people in Minnegamau Isles?,"scenario.healthBudget.neutral.counterbalancing_group.2.n_saved.100.n_total.150.n_victims.50.ratio_saved_victims.2.acceptability_1 - scenario.healthBudget.neutral.counterbalancing_group.2.n_saved.100.n_total.150.n_victims.50.ratio_saved_victims.2.acceptability - How acceptable is to buy Zephyrion Disease drugs instead of Astronexis Syndrome drugs, and thus to kill 50 Astronexis Syndrome patients to save 100 people with Zephyrion Disease?","scenario.geneDrive.neutral.counterbalancing_group.2.n_saved.200.n_total.210.n_victims.10.ratio_saved_victims.20.acceptability_1 - scenario.geneDrive.neutral.counterbalancing_group.2.n_saved.200.n_total.210.n_victims.10.ratio_saved_victims.20.acceptability - How acceptable is to eradicate the wintermaw bloodmoth, and thus to kill 10 people in the south to save 200 people in the north?",scenario.remoteTreatment.neutral.counterbalancing_group.2.n_saved.40.n_total.70.n_victims.30.ratio_saved_victims.1.333333333.acceptability_1 - scenario.remoteTreatment.neutral.counterbalancing_group.2.n_saved.40.n_total.70.n_victims.30.ratio_saved_victims.1.333333333.acceptability - How acceptable is it to kill 30 patients in the hospital to save 40 people in the village?,scenario.toxicFactory.neutral.counterbalancing_group.2.n_saved.300.n_total.320.n_victims.20.ratio_saved_victims.15.acceptability_1 - scenario.toxicFactory.neutral.counterbalancing_group.2.n_saved.300.n_total.320.n_victims.20.ratio_saved_victims.15.acceptability - How acceptable is it to kill the 20 factory workers to save 300 people in the surrounding area?,"scenario.desertAqueduct.neutral.counterbalancing_group.2.n_saved.20000.n_total.20040.n_victims.40.ratio_saved_victims.500.acceptability_1 - scenario.desertAqueduct.neutral.counterbalancing_group.2.n_saved.20000.n_total.20040.n_victims.40.ratio_saved_victims.500.acceptability - How acceptable is it to kill 40 people in Midcross to save 20,000 people in Sandharbor?",scenario.trainBomb.neutral.counterbalancing_group.2.n_saved.200.n_total.210.n_victims.10.ratio_saved_victims.20.acceptability_1 - scenario.trainBomb.neutral.counterbalancing_group.2.n_saved.200.n_total.210.n_victims.10.ratio_saved_victims.20.acceptability - How acceptable is it to kill the 10 people on the train to save 200 people in the station?,scenario.humanSacrifice.neutral.counterbalancing_group.2.n_saved.120.n_total.160.n_victims.40.ratio_saved_victims.3.acceptability_1 - scenario.humanSacrifice.neutral.counterbalancing_group.2.n_saved.120.n_total.160.n_victims.40.ratio_saved_victims.3.acceptability - How acceptable is it to detain and sacrifice the 40 escapees to save the 120 remaining Whotnir?,"scenario.treatmentPolicy.neutral.counterbalancing_group.2.n_saved.3000.n_total.3030.n_victims.30.ratio_saved_victims.100.acceptability_1 - scenario.treatmentPolicy.neutral.counterbalancing_group.2.n_saved.3000.n_total.3030.n_victims.30.ratio_saved_victims.100.acceptability - How acceptable is it to administer Abacavelam and to kill 30 misdiagnosed patients to save 3,000 Hyena's Ears patients?","scenario.plagueZoklid.neutral.counterbalancing_group.2.n_saved.200000.n_total.200100.n_victims.100.ratio_saved_victims.2000.acceptability_1 - scenario.plagueZoklid.neutral.counterbalancing_group.2.n_saved.200000.n_total.200100.n_victims.100.ratio_saved_victims.2000.acceptability - How acceptable is it to release the pesticides and kill the 100 people underneath to save the 200,000 people in Nova Mistral?","scenario.asteroidDefense.neutral.counterbalancing_group.2.n_saved.100.n_total.150.n_victims.50.ratio_saved_victims.2.acceptability_1 - scenario.asteroidDefense.neutral.counterbalancing_group.2.n_saved.100.n_total.150.n_victims.50.ratio_saved_victims.2.acceptability - How acceptable is it to launch the deflection mission, thus killing 50 people in Verdania to save 100 people in Azurville?",scenario.valleysFlooding.neutral.counterbalancing_group.2.n_saved.500.n_total.510.n_victims.10.ratio_saved_victims.50.acceptability_1 - scenario.valleysFlooding.neutral.counterbalancing_group.2.n_saved.500.n_total.510.n_victims.10.ratio_saved_victims.50.acceptability - How acceptable is it to open the floodgates and to kill 10 people in Llyne Valley to save the 500 people in Leafside Valley?,"scenario.dietarySupplement.neutral.counterbalancing_group.2.n_saved.3000.n_total.3300.n_victims.300.ratio_saved_victims.10.acceptability_1 - scenario.dietarySupplement.neutral.counterbalancing_group.2.n_saved.3000.n_total.3300.n_victims.300.ratio_saved_victims.10.acceptability - How acceptable is to fortify the drinking water with thacium and to kill 300 people with thacium intolerance to save 3,000 people in Minnegamau Isles?","scenario.healthBudget.neutral.counterbalancing_group.2.n_saved.20000.n_total.20020.n_victims.20.ratio_saved_victims.1000.acceptability_1 - scenario.healthBudget.neutral.counterbalancing_group.2.n_saved.20000.n_total.20020.n_victims.20.ratio_saved_victims.1000.acceptability - How acceptable is to buy Zephyrion Disease drugs instead of Astronexis Syndrome drugs, and thus to kill 20 Astronexis Syndrome patients to save 20,000 people with Zephyrion Disease?","scenario.geneDrive.neutral.counterbalancing_group.2.n_saved.800.n_total.1000.n_victims.200.ratio_saved_victims.4.acceptability_1 - scenario.geneDrive.neutral.counterbalancing_group.2.n_saved.800.n_total.1000.n_victims.200.ratio_saved_victims.4.acceptability - How acceptable is to eradicate the wintermaw bloodmoth, and thus to kill 200 people in the south to save 800 people in the north?",scenario.remoteTreatment.neutral.counterbalancing_group.2.n_saved.120.n_total.160.n_victims.40.ratio_saved_victims.3.acceptability_1 - scenario.remoteTreatment.neutral.counterbalancing_group.2.n_saved.120.n_total.160.n_victims.40.ratio_saved_victims.3.acceptability - How acceptable is it to kill 40 patients in the hospital to save 120 people in the village?,scenario.toxicFactory.neutral.counterbalancing_group.2.n_saved.500.n_total.510.n_victims.10.ratio_saved_victims.50.acceptability_1 - scenario.toxicFactory.neutral.counterbalancing_group.2.n_saved.500.n_total.510.n_victims.10.ratio_saved_victims.50.acceptability - How acceptable is it to kill the 10 factory workers to save 500 people in the surrounding area?,"scenario.desertAqueduct.neutral.counterbalancing_group.2.n_saved.200000.n_total.200100.n_victims.100.ratio_saved_victims.2000.acceptability_1 - scenario.desertAqueduct.neutral.counterbalancing_group.2.n_saved.200000.n_total.200100.n_victims.100.ratio_saved_victims.2000.acceptability - How acceptable is it to kill 100 people in Midcross to save 200,000 people in Sandharbor?","scenario.trainBomb.neutral.counterbalancing_group.2.n_saved.3000.n_total.3030.n_victims.30.ratio_saved_victims.100.acceptability_1 - scenario.trainBomb.neutral.counterbalancing_group.2.n_saved.3000.n_total.3030.n_victims.30.ratio_saved_victims.100.acceptability - How acceptable is it to kill the 30 people on the train to save 3,000 people in the station?","scenario.humanSacrifice.neutral.counterbalancing_group.2.n_saved.3000.n_total.3300.n_victims.300.ratio_saved_victims.10.acceptability_1 - scenario.humanSacrifice.neutral.counterbalancing_group.2.n_saved.3000.n_total.3300.n_victims.300.ratio_saved_victims.10.acceptability - How acceptable is it to detain and sacrifice the 300 escapees to save the 3,000 remaining Whotnir?","scenario.treatmentPolicy.neutral.counterbalancing_group.2.n_saved.20000.n_total.20020.n_victims.20.ratio_saved_victims.1000.acceptability_1 - scenario.treatmentPolicy.neutral.counterbalancing_group.2.n_saved.20000.n_total.20020.n_victims.20.ratio_saved_victims.1000.acceptability - How acceptable is it to administer Abacavelam and to kill 20 misdiagnosed patients to save 20,000 Hyena's Ears patients?",scenario.plagueZoklid.neutral.counterbalancing_group.2.n_saved.100.n_total.150.n_victims.50.ratio_saved_victims.2.acceptability_1 - scenario.plagueZoklid.neutral.counterbalancing_group.2.n_saved.100.n_total.150.n_victims.50.ratio_saved_victims.2.acceptability - How acceptable is it to release the pesticides and kill the 50 people underneath to save the 100 people in Nova Mistral?,"scenario.asteroidDefense.neutral.counterbalancing_group.2.n_saved.800.n_total.1000.n_victims.200.ratio_saved_victims.4.acceptability_1 - scenario.asteroidDefense.neutral.counterbalancing_group.2.n_saved.800.n_total.1000.n_victims.200.ratio_saved_victims.4.acceptability - How acceptable is it to launch the deflection mission, thus killing 200 people in Verdania to save 800 people in Azurville?","scenario.valleysFlooding.neutral.counterbalancing_group.2.n_saved.20000.n_total.20040.n_victims.40.ratio_saved_victims.500.acceptability_1 - scenario.valleysFlooding.neutral.counterbalancing_group.2.n_saved.20000.n_total.20040.n_victims.40.ratio_saved_victims.500.acceptability - How acceptable is it to open the floodgates and to kill 40 people in Llyne Valley to save the 20,000 people in Leafside Valley?",scenario.dietarySupplement.neutral.counterbalancing_group.2.n_saved.200.n_total.210.n_victims.10.ratio_saved_victims.20.acceptability_1 - scenario.dietarySupplement.neutral.counterbalancing_group.2.n_saved.200.n_total.210.n_victims.10.ratio_saved_victims.20.acceptability - How acceptable is to fortify the drinking water with thacium and to kill 10 people with thacium intolerance to save 200 people in Minnegamau Isles?,"scenario.healthBudget.neutral.counterbalancing_group.2.n_saved.40.n_total.70.n_victims.30.ratio_saved_victims.1.333333333.acceptability_1 - scenario.healthBudget.neutral.counterbalancing_group.2.n_saved.40.n_total.70.n_victims.30.ratio_saved_victims.1.333333333.acceptability - How acceptable is to buy Zephyrion Disease drugs instead of Astronexis Syndrome drugs, and thus to kill 30 Astronexis Syndrome patients to save 40 people with Zephyrion Disease?","scenario.geneDrive.neutral.counterbalancing_group.2.n_saved.300.n_total.320.n_victims.20.ratio_saved_victims.15.acceptability_1 - scenario.geneDrive.neutral.counterbalancing_group.2.n_saved.300.n_total.320.n_victims.20.ratio_saved_victims.15.acceptability - How acceptable is to eradicate the wintermaw bloodmoth, and thus to kill 20 people in the south to save 300 people in the north?","attChk.acceptability_1 - attChk.acceptability - How acceptable is it to kill these 3,000 people to save 4,000 other people?",EMCS_concertTicketpr - EMCSQ1_concertTicketpricing,EMCS_neighborDrAppt - EMCSQ2_neighborDrAppt,EMCS_pokerGlance - EMCSQ3_pokerGlance,EMCSdateVSfriend - EMCSQ4_dateVSfriend,EMCS_sellGame - EMCSQ5_sellGame,EMCS_auntCD - EMCSQ6_auntCD,EMCS_babysitVSparty  - EMCSQ7_babysitVSparty,EMCS_coinCollection - EMCSQ8_coinCollection,EMCS_singleTicket - EMCSQ9_singleTicket,EMCS_bikeCarscratch - EMCSQ10_bikeCarscratch,EMCS_soccerVSfriend - EMCSQ11_soccerVSfriend,EMCS_partyVSexam - EMCSQ12_examVSparty,EMCS_mothersMoney - EMCSQ13_mothersMoney,EMCS_lastTicket - EMCSQ14_lastTicket,EMCS_grandfatherVSco - EMCSQ15_grandfatherVSconcert,EMCS_holidayVShospit - EMCSQ16_holidayVShospital,EMCS_parcelVSgym - EMCSQ17_parcelGVSgym,EMCS_partyVSconcert - EMCSQ18_partyVSconcert,EMCS_sellLaptop - EMCSQ19_sellLaptop,EMCS_apptVSmeeting - EMCSQ20_apptVSmeeting,EMCS_parkinglotBump - EMCSQ21_parkinglotBump,EMCS_cafeBill - EMCSQ22_cafeBill,EMCS_trainVSman - EMCSQ23_trainVSman,EMCS_billCocktail - EMCSQ24_billCocktail,EMCS_overpays - EMCSQ25_overpays,EMCS_carDefect - EMCSQ26_carDefect,EMCS_womanVSappt  - EMCSQ27_womanVSappt,EMCS_wardrobeAd - EMCSQ28_wardrobeAd,EMCS_busVSwoman  - EMCSQ29_busVSwoman,EMCS_marketCashier - EMCSQ30_marketCashier,EMCS_busVSmother - EMCSQ31_busVSmother,EMCS_homelessMoney - EMCSQ32_homelessMoney,EMCS_aptPets - EMCSQ33_aptPets,EMCS_pizzaChange - EMCSQ34_pizzaChange,EMCS_paintingPrice - EMCSQ35_paintingPrice,EMCS_busVSoldwoman - EMCSQ36_busVSoldwoman,EMCS_walletID - EMCSQ37_walletID,EMCS_collisionMettin - EMCSQ38_collisionMeeting,EMCS_busVSlittleboy - EMCSQ39_busVSlittleboy,EMCS_trainVSinjuredm - EMCSQ40_trainVSinjuredman,IWAH_closeness_1 - IWAHQ1_closeness - People in my community,IWAH_closeness_2 - IWAHQ1_closeness - People in my country,IWAH_closeness_3 - IWAHQ1_closeness - People all over the world,IWAH_wordWe_1 - IWAHQ2_wordWe - People in my community,IWAH_wordWe_2 - IWAHQ2_wordWe - People in my country,IWAH_wordWe_3 - IWAHQ2_wordWe - People all over the world,IWAH_inCommon_1 - IWAHQ3_inCommon - People in my community,IWAH_inCommon_2 - IWAHQ3_inCommon - People in my country,IWAH_inCommon_3 - IWAHQ3_inCommon - People all over the world,IWAH_considerFamily_1 - IWAHQ4_considerFamily - People in my community,IWAH_considerFamily_2 - IWAHQ4_considerFamily - People in my country,IWAH_considerFamily_3 - IWAHQ4_considerFamily - People all over the world,IWAH_identifyWith_1 - IWAHQ5_identifyWith - People in my community,IWAH_identifyWith_2 - IWAHQ5_identifyWith - People in my country,IWAH_identifyWith_3 - IWAHQ5_identifyWith - People all over the world,IWAH_careFor_1 - IWAHQ6_careFor - People in my community,IWAH_careFor_2 - IWAHQ6_careFor - People in my country,IWAH_careFor_3 - IWAHQ6_careFor - People all over the world,IWAH_wantToBe _1 - IWAHQ7_wantToBe - People in my community,IWAH_wantToBe _2 - IWAHQ7_wantToBe - People in my country,IWAH_wantToBe _3 - IWAHQ7_wantToBe - People all over the world,IWAH_believeIn_1 - IWAHQ8_believeIn - People in my community,IWAH_believeIn_2 - IWAHQ8_believeIn - People in my country,IWAH_believeIn_3 - IWAHQ8_believeIn - People all over the world,IWAH_inNeed_1 - IWAHQ9_inNeed - People in my community,IWAH_inNeed_2 - IWAHQ9_inNeed - People in my country,IWAH_inNeed_3 - IWAHQ9_inNeed - People all over the world,number.counterbalancing.cond,first.scenario.type,current.scenario.type
2024-09-18 11:51:58,2024-09-18 12:14:29,0,100,1350,1,2024-09-18 12:14:29,R_7izebtfVvmtVwLA,anonymous,EN,Firefox,130.0,Windows NT 10.0,1366x768,1,1,1,1,1,2,1,1,2,42,2,,2,9,8,7,12,16,21,1,1,1,6,4,5,,,,,,,,,,,,,,,,,,,,,,,,,,,,,,,,,,,,,4,3,4,3,4,2,4,4,5,2,3,5,,,,,,,,,,,,,,,,,,,,,,,,,,,,,,,,,,,,,,,,,,,,,,,,,,,,,,,,,,,,,,,,,,,,,,,,,,,,,,,,,,,,,,,,,,,,,,,,,,,,,,,,,,,,,,,,,,,,,,,,,,,,,,,,,,,,,,,,,,,,,,,,,,,,,,,,,,,,,,,,,,,,,,,,,,,,,,,,,,,,,,,,,,,,,,,,,,,,,,,,,,,,,,,,,,,,,,,,,,,,,,,,,,,,,,,,,,,,,,,,,2,1,1,2,2,1,2,1,1,1,2,1,1,1,1,1,2,2,1,1,1,2,1,1,1,1,1,1,1,1,1,1,2,2,1,1,1,1,1,1,1,4,3,3,4,4,4,3,3,4,2,2,2,4,4,4,4,4,4,3,3,3,3,3,3,4,4,4,1,neutral,neutral
2024-09-18 12:20:59,2024-09-18 12:53:38,0,100,1959,1,2024-09-18 12:53:39,R_82Y0OaExFUzKeXp,anonymous,EN,Chrome,128.0.0.0,Windows NT 10.0,1366x768,1,1,1,1,1,2,1,1,2,45,2,,2,9,8,7,4,19,30,1,1,1,8,8,5,,,,,,,,,,,,,,,,,,,,,,,,,,,,,,,,,,,,,,,,,,,,,,,,,,,,,,,,,,,,,,,,,,,,,,,,,,,,,,,,,,,,,,,,,,,,,,,,,,,,,,,,,,,,,,,,,,,,,,,,,,,,,,,,,,,,,,,,,,,,,,,,,,,,,,,,,,,,,,,,,,,,,,,,,,,,,,,,,,,,,,,,,,,,,,,,,,,,,,,,,,,,,,,,,,,,,,,,,,,,,,,,,,,,,,,,,,,,,,,,,2,1,1,2,2,1,1,2,1,2,1,2,,,,,,,,,,,,,,,,,,,,,,,,,,,,,,,,,,,,,2,1,1,1,1,1,1,1,1,2,1,2,1,1,2,2,2,2,1,1,1,1,1,1,1,1,1,1,1,1,1,1,1,2,1,1,1,1,1,1,1,3,2,2,2,2,2,3,2,2,1,1,1,2,1,1,2,1,1,2,2,2,1,1,1,3,3,3,2,neutral,neutral
2024-09-18 12:50:34,2024-09-18 13:11:56,0,100,1281,1,2024-09-18 13:11:56,R_5KrN3dENDEZ7w78,anonymous,EN,Chrome,128.0.0.0,Windows NT 10.0,1620x1080,1,1,1,1,1,2,1,1,2,35,6,non binary woman,2,9,8,7,10,10,6,1,1,1,8,8,8,,,,,,,,,,,,,,,,,,,,,,,,,,,,,,,,,,,,,,,,,,,,,,,,,,,,,,,,,,,,,,,,,,,,,,,,,,,,,,,,,,,,,,,,,,,,,,,,,,,,,,,,,,,,,,,,,,,,,,,,,,,,,,,,,,,,,,,,,,,,,,,,,,,,,,,,,,,,,,,,,,,,,,,,,,,,,,,,,,,,,,,,,,,,,,,,,,,,,,,,,,,,,3,4,4,4,3,4,4,4,3,3,4,2,,,,,,,,,,,,,,,,,,,,,,,,,,,,,,,,,,,,,,,,,,,,,,,,,,,,,,,,,,,,,,,,,,,,,,,,,2,1,1,2,1,1,1,2,2,2,1,1,2,1,2,1,1,1,1,2,2,1,2,1,2,1,1,1,2,1,1,1,1,2,1,1,1,2,2,2,2,3,3,3,3,4,4,3,3,3,2,2,2,3,3,3,4,4,4,3,3,3,3,3,3,4,4,4,2,neutral,neutral
2024-09-18 12:38:16,2024-09-18 13:13:33,0,100,2117,1,2024-09-18 13:13:34,R_2WO0mkV7EYyPzep,anonymous,EN,Edge,128.0.0.0,Windows NT 10.0,1536x864,1,1,1,1,1,2,1,1,2,25,2,,2,9,8,7,4,1,2,1,1,1,4,4,4,,,,,,,,,,,,,,,,,,,,,,,,,4,5,5,4,4,4,5,4,3,5,4,3,,,,,,,,,,,,,,,,,,,,,,,,,,,,,,,,,,,,,,,,,,,,,,,,,,,,,,,,,,,,,,,,,,,,,,,,,,,,,,,,,,,,,,,,,,,,,,,,,,,,,,,,,,,,,,,,,,,,,,,,,,,,,,,,,,,,,,,,,,,,,,,,,,,,,,,,,,,,,,,,,,,,,,,,,,,,,,,,,,,,,,,,,,,,,,,,,,,,,,,,,,,,,,,,,,,,,,,,,,,,,,,,,,,,,,,,,,,,,,,,,,,,,,,,,,,,,2,1,1,2,1,1,1,1,2,2,1,1,1,1,1,1,2,2,1,1,1,1,1,1,1,1,1,1,1,1,1,1,1,1,1,1,1,1,1,1,1,5,4,3,5,5,2,5,4,3,5,4,3,4,3,3,4,4,3,4,4,3,4,4,3,4,4,3,1,neutral,neutral
2024-09-18 12:52:34,2024-09-18 13:27:00,0,100,2065,1,2024-09-18 13:27:00,R_2j7EpIfHT5dQpQK,anonymous,EN,Edge,128.0.0.0,Windows NT 10.0,1366x768,1,1,1,1,1,2,1,1,2,45,2,,2,7,3,2,3,5,2,1,1,1,5,7,7,,,,,,,,,,,,,,,,,,,,,,,,,,,,,,,,,,,,,,,,,,,,,,,,,,,,,,,,,,,,,,,,,,,,,,,,,,,,,,,,,,,,,,,,,,,,,,,,,,,,,,,,,,,,,,,,,,,,,,,,,,,,,,,,,,,,,,,,,,,,,,,,,,,,,,,,,,,,,,,,,,,,,,,,,,,,,,,,,,,,,,,,,,,,,,,,,,,,,,,,,,,,,,,,,,,,,,,,,,,,,,,,,,,,,4,3,4,4,1,1,1,2,1,1,5,2,,,,,,,,,,,,,,,,,,,,,,,,,,,,,,,,,,,,,,,,,,,,,,,,,5,2,1,1,1,1,1,2,1,1,1,1,2,1,1,1,1,1,1,1,1,1,1,1,1,1,1,1,1,1,1,1,1,1,1,1,1,1,1,1,1,5,4,3,5,5,5,5,4,3,4,4,3,5,5,5,5,5,5,5,5,5,4,4,4,5,5,5,2,neutral,neutral
2024-09-18 12:58:04,2024-09-18 13:56:33,0,100,3508,1,2024-09-18 13:56:34,R_21aLIzKdsKnFlta,anonymous,EN,Chrome,128.0.0.0,CrOS x86_64 14541.0.0,1366x768,1,1,1,1,1,2,1,1,2,28,2,,2,9,8,6,17,17,15,1,1,1,1,5,6,,,,,,,,,,,,,,,,,,,,,,,,,,,,,,,,,,,,,,,,,,,,,,,,,,,,,,,,,,,,,,,,,,,,,,,,,,,,,,,,,,,,,,,,,,,,,,,,,,,,,,,,,,,,,3,4,3,2,2,3,3,4,2,5,2,4,,,,,,,,,,,,,,,,,,,,,,,,,,,,,,,,,,,,,,,,,,,,,,,,,,,,,,,,,,,,,,,,,,,,,,,,,,,,,,,,,,,,,,,,,,,,,,,,,,,,,,,,,,,,,,,,,,,,,,,,,,,,,,,,,,,,,,,,,,,,,,,,,,,,,,,,,,,,,,,,,,,,,,,,,2,1,1,2,1,1,1,2,2,1,1,1,1,1,1,1,1,1,1,1,1,1,2,1,1,1,1,1,2,1,1,1,1,1,1,1,1,1,2,1,1,1,1,1,2,2,2,2,2,3,1,1,1,4,4,4,3,3,3,1,1,1,2,2,2,4,4,4,1,neutral,neutral
2024-09-18 13:56:03,2024-09-18 14:20:22,0,100,1459,1,2024-09-18 14:20:23,R_2QPUX50fWlDhLmC,anonymous,EN,Chrome,128.0.0.0,Windows NT 10.0,1920x1080,1,1,1,1,1,2,1,1,2,26,2,,2,9,8,7,3,5,4,1,1,1,5,5,5,,,,,,,,,,,,,,,,,,,,,,,,,,,,,,,,,,,,,,,,,,,,,,,,,,,,,,,,,,,,,,,,,,,,,,,,,,,,,,,,,,,,,,,,,,,,,,,,,1,4,3,6,4,4,1,6,3,4,1,4,,,,,,,,,,,,,,,,,,,,,,,,,,,,,,,,,,,,,,,,,,,,,,,,,,,,,,,,,,,,,,,,,,,,,,,,,,,,,,,,,,,,,,,,,,,,,,,,,,,,,,,,,,,,,,,,,,,,,,,,,,,,,,,,,,,,,,,,,,,,,,,,,,,,,,,,,,,,,,,,,,,,,,,,,,,,,,,,,,,,,2,1,2,2,1,1,2,1,2,2,2,1,2,2,2,2,2,2,2,1,2,2,2,2,2,2,1,2,1,2,2,2,2,2,2,1,2,2,2,1,2,1,2,2,2,3,3,2,2,2,1,1,1,2,2,2,1,1,2,1,1,1,1,1,1,2,2,2,1,neutral,neutral
2024-09-18 13:25:10,2024-09-18 14:25:32,0,100,3621,1,2024-09-18 14:25:33,R_3f4ufYSv2hOhnrP,anonymous,EN,Edge,128.0.0.0,Windows NT 10.0,1536x864,1,1,1,1,1,2,1,1,2,19,1,,1,9,2,5,4,1,8,1,1,1,3,1,4,,,,,,,,,,,,,,,,,,,,,,,,,,,,,,,,,,,,,,,,,,,,,,,,,,,,,,,,,,,,,,,,,,,,,,,,,,,,,,,,,,,,,,,,,,,,,,,,,,,,,,,,,,,,,,,,,,,,,,,,,,,,,,,,,,,,,,,,,,,,,,,,,,,,,,,,,,,,,1,4,3,2,6,3,4,6,3,4,6,5,,,,,,,,,,,,,,,,,,,,,,,,,,,,,,,,,,,,,,,,,,,,,,,,,,,,,,,,,,,,,,,,,,,,,,,,,,,,,,,,,,,,,,,,,,,,,,,,,,,,,,,,,,,,,,,,,,,,,,,,,2,2,1,1,1,1,1,1,1,1,1,1,1,1,1,1,1,1,1,1,1,1,1,1,1,1,1,1,1,1,1,1,1,1,1,1,1,1,1,1,1,4,5,2,4,3,1,3,4,1,5,2,1,5,4,3,5,4,5,4,4,3,5,2,1,5,3,2,2,neutral,neutral
2024-09-18 16:03:58,2024-09-18 16:24:56,0,100,1258,1,2024-09-18 16:24:57,R_7NTX3bVl2rGF7K4,anonymous,EN,Firefox,130.0,Windows NT 10.0,1920x1080,1,1,1,1,1,2,1,1,2,19,2,,2,9,8,7,18,20,15,1,1,1,1,7,7,,,,,,,,,,,,,4,5,3,4,3,5,5,5,5,5,5,2,,,,,,,,,,,,,,,,,,,,,,,,,,,,,,,,,,,,,,,,,,,,,,,,,,,,,,,,,,,,,,,,,,,,,,,,,,,,,,,,,,,,,,,,,,,,,,,,,,,,,,,,,,,,,,,,,,,,,,,,,,,,,,,,,,,,,,,,,,,,,,,,,,,,,,,,,,,,,,,,,,,,,,,,,,,,,,,,,,,,,,,,,,,,,,,,,,,,,,,,,,,,,,,,,,,,,,,,,,,,,,,,,,,,,,,,,,,,,,,,,,,,,,,,,,,,,,,,,,,,,,,,,2,2,1,2,2,1,1,1,2,1,2,1,1,2,2,1,2,1,1,1,2,1,2,1,2,1,1,1,1,1,2,1,1,2,2,1,1,2,2,1,1,3,3,3,4,4,4,3,3,3,3,3,3,4,4,3,3,4,4,4,4,4,4,4,4,3,4,4,1,neutral,neutral
2024-09-18 15:52:54,2024-09-18 16:34:00,0,100,2466,1,2024-09-18 16:34:01,R_8kLDUaKzp4uXknG,anonymous,EN,Chrome,128.0.0.0,Windows NT 10.0,1280x720,1,1,1,1,1,2,1,1,2,26,2,,2,9,8,7,1,5,8,1,1,1,6,6,5,,,,,,,,,,,,,,,,,,,,,,,,,,,,,,,,,,,,,,,,,,,,,,,,,,,,,,,,,,,,,,,,,,,,,,,,,,,,,,,,,,,,,,,,,,,,,,,,,,,,,,,,,,,,,,,,,,,,,,,,,,,,,,,,,,,,,,,,,,,,,,,,,,,,,,,,,,,,,,,,,,,,,,,,,,,,,,,,,,,,,5,4,2,3,4,2,5,4,4,4,4,3,,,,,,,,,,,,,,,,,,,,,,,,,,,,,,,,,,,,,,,,,,,,,,,,,,,,,,,,,,,,,,,,,,,,,,,,,,,,,,,,,,,,,,,,,,,,,,,,,2,2,2,2,1,1,1,1,1,1,1,1,1,2,2,1,1,1,1,1,2,1,1,1,1,1,1,1,2,1,1,1,1,1,1,2,1,1,1,2,1,2,3,1,3,3,3,2,3,2,1,2,1,3,3,2,4,4,3,1,1,1,2,2,2,4,4,3,2,neutral,neutral
2024-09-18 11:23:57,2024-09-18 11:40:17,0,0,979,0,2024-09-25 11:40:27,R_8N4hHcMFlx6C6OD,anonymous,EN,Chrome,120.0.0.0,Macintosh,1440x900,1,1,1,1,1,,,,,,,,,,,,,,,,,,,,,,,,,,,,,,,,,,,,,,,,,,,,,,,,,,,,,,,,,,,,,,,,,,,,,,,,,,,,,,,,,,,,,,,,,,,,,,,,,,,,,,,,,,,,,,,,,,,,,,,,,,,,,,,,,,,,,,,,,,,,,,,,,,,,,,,,,,,,,,,,,,,,,,,,,,,,,,,,,,,,,,,,,,,,,,,,,,,,,,,,,,,,,,,,,,,,,,,,,,,,,,,,,,,,,,,,,,,,,,,,,,,,,,,,,,,,,,,,,,,,,,,,,,,,,,,,,,,,,,,,,,,,,,,,,,,,,,,,,,,,,,,,,,,,,,,,,,,,,,,,,,,,,,,,,,,,,,,,,,,,,,,,,,,,,,,,,,,,,,,,,,,,,,,,,,,,,,,,,,,
2024-09-18 11:50:14,2024-09-18 11:51:28,0,0,74,0,2024-09-25 11:51:31,R_8trNvE2ldZg1Ivr,anonymous,EN,Chrome,128.0.0.0,Windows NT 10.0,1536x864,1,1,1,1,1,,,,,,,,,,,,,,,,,,,,,,,,,,,,,,,,,,,,,,,,,,,,,,,,,,,,,,,,,,,,,,,,,,,,,,,,,,,,,,,,,,,,,,,,,,,,,,,,,,,,,,,,,,,,,,,,,,,,,,,,,,,,,,,,,,,,,,,,,,,,,,,,,,,,,,,,,,,,,,,,,,,,,,,,,,,,,,,,,,,,,,,,,,,,,,,,,,,,,,,,,,,,,,,,,,,,,,,,,,,,,,,,,,,,,,,,,,,,,,,,,,,,,,,,,,,,,,,,,,,,,,,,,,,,,,,,,,,,,,,,,,,,,,,,,,,,,,,,,,,,,,,,,,,,,,,,,,,,,,,,,,,,,,,,,,,,,,,,,,,,,,,,,,,,,,,,,,,,,,,,,,,,,,,,,,,,,,,,,,,
2024-09-18 12:26:22,2024-09-18 12:28:49,0,0,146,0,2024-09-25 12:28:50,R_2Ytda1o0hvTBPBD,anonymous,EN,Chrome,128.0.0.0,Windows NT 10.0,1366x768,1,1,1,1,1,,,,,,,,,,,,,,,,,,,,,,,,,,,,,,,,,,,,,,,,,,,,,,,,,,,,,,,,,,,,,,,,,,,,,,,,,,,,,,,,,,,,,,,,,,,,,,,,,,,,,,,,,,,,,,,,,,,,,,,,,,,,,,,,,,,,,,,,,,,,,,,,,,,,,,,,,,,,,,,,,,,,,,,,,,,,,,,,,,,,,,,,,,,,,,,,,,,,,,,,,,,,,,,,,,,,,,,,,,,,,,,,,,,,,,,,,,,,,,,,,,,,,,,,,,,,,,,,,,,,,,,,,,,,,,,,,,,,,,,,,,,,,,,,,,,,,,,,,,,,,,,,,,,,,,,,,,,,,,,,,,,,,,,,,,,,,,,,,,,,,,,,,,,,,,,,,,,,,,,,,,,,,,,,,,,,,,,,,,,
2024-09-18 12:27:03,2024-09-18 12:38:35,0,0,692,0,2024-09-25 12:38:37,R_2P1tqtVYsP0qcw0,anonymous,EN,Chrome,128.0.0.0,Windows NT 10.0,1536x864,1,1,1,1,1,,,,,,,,,,,,,,,,,,,,,,,,,,,,,,,,,,,,,,,,,,,,,,,,,,,,,,,,,,,,,,,,,,,,,,,,,,,,,,,,,,,,,,,,,,,,,,,,,,,,,,,,,,,,,,,,,,,,,,,,,,,,,,,,,,,,,,,,,,,,,,,,,,,,,,,,,,,,,,,,,,,,,,,,,,,,,,,,,,,,,,,,,,,,,,,,,,,,,,,,,,,,,,,,,,,,,,,,,,,,,,,,,,,,,,,,,,,,,,,,,,,,,,,,,,,,,,,,,,,,,,,,,,,,,,,,,,,,,,,,,,,,,,,,,,,,,,,,,,,,,,,,,,,,,,,,,,,,,,,,,,,,,,,,,,,,,,,,,,,,,,,,,,,,,,,,,,,,,,,,,,,,,,,,,,,,,,,,,,,
2024-09-18 13:46:16,2024-09-18 13:52:49,0,4,393,0,2024-09-25 13:52:50,R_23TPNJnRKKHirYW,anonymous,EN,Chrome,128.0.0.0,Macintosh,1470x956,1,1,1,1,1,2,1,1,2,34,2,,2,9,8,7,5,4,2,1,1,1,5,5,5,,,,,,,,,,,,,,,,,,,,,,,,,,,,,,,,,,,,,,,,,,,,,,,,,,,,,,,,,,,,,,,,,,,,,,,,,,,,,,,,,,,,,,,,,,,,,,,,,,,,,,,,,,,,,,,,,,,,,,,,,,,,,,,,,,,,,,,,,,,,,,,,,,,,,,,,,,,,,,,,,,,,,,,,,,,,,,,,,,,,,,,,,,,,,,,,,,,,,,,,,,,,,,,,,,,,,,,,,,,,,,,,,,,,,,,,,,,,,,,,,,,,,,,,,,,,,,,,,,,,,,,,,,,,,,,,,,,,,,,,,,,,,,,,,,1,1,2,1,1,1,1,1,1,1,1,,,,,,,,,,,,,,,,,,,,,,,,,,,,,,,,,,,,,,,,,,,,,,,,,,,,,,,,,,,
2024-09-18 14:02:25,2024-09-18 14:03:46,0,0,80,0,2024-09-25 14:03:51,R_6tvzU1csScR6jxD,anonymous,EN,Chrome,128.0.0.0,Windows NT 10.0,1366x768,1,1,1,1,1,,,,,,,,,,,,,,,,,,,,,,,,,,,,,,,,,,,,,,,,,,,,,,,,,,,,,,,,,,,,,,,,,,,,,,,,,,,,,,,,,,,,,,,,,,,,,,,,,,,,,,,,,,,,,,,,,,,,,,,,,,,,,,,,,,,,,,,,,,,,,,,,,,,,,,,,,,,,,,,,,,,,,,,,,,,,,,,,,,,,,,,,,,,,,,,,,,,,,,,,,,,,,,,,,,,,,,,,,,,,,,,,,,,,,,,,,,,,,,,,,,,,,,,,,,,,,,,,,,,,,,,,,,,,,,,,,,,,,,,,,,,,,,,,,,,,,,,,,,,,,,,,,,,,,,,,,,,,,,,,,,,,,,,,,,,,,,,,,,,,,,,,,,,,,,,,,,,,,,,,,,,,,,,,,,,,,,,,,,,
2024-09-27 09:29:16,2024-09-27 09:52:53,0,100,1417,1,2024-09-27 09:52:54,R_83gN6LC8rWqk1JD,anonymous,EN,Chrome,129.0.0.0,Windows NT 10.0,1463x915,1,1,1,1,1,2,1,1,2,38,2,,2,9,8,7,3,4,8,1,1,1,4,4,5,,,,,,,,,,,,,,,,,,,,,,,,,,,,,,,,,,,,,,,,,,,,,,,,,,,,,,,,,,,,,,,,,,,,,,,,,,,,,,,,,,,,,,,,,,,,,,,,,,,,,,,,,,,,,,,,,,,,,,,,,,,,,,,,,,,,,,,,,,,,,,,,,,,,,,,,,,,,,,,,,,,,,,,,,,,,,,,,,,,,,,,,,,,,,,,,,3,4,2,4,5,2,5,5,5,5,4,5,,,,,,,,,,,,,,,,,,,,,,,,,,,,,,,,,,,,,,,,,,,,,,,,,,,,,,,,,,,,,,,,,,,,,,,,,,,,,,,,,,,,,2,2,1,1,1,1,1,1,1,1,1,1,2,1,2,1,2,2,1,1,1,1,1,1,1,1,1,2,1,1,1,1,2,2,1,1,2,1,1,1,1,3,3,3,3,2,1,3,2,2,1,1,1,3,2,2,3,3,3,3,2,1,3,2,2,3,2,2,2,neutral,neutral
2024-09-27 10:06:31,2024-09-27 10:31:59,0,100,1527,1,2024-09-27 10:31:59,R_5J5jWljTOHLxq21,anonymous,EN,Chrome,129.0.0.0,Windows NT 10.0,1920x1080,1,1,1,1,1,2,1,1,2,43,2,,2,9,8,7,7,4,1,1,1,1,6,5,7,,,,,,,,,,,,,,,,,,,,,,,,,,,,,,,,,,,,,,,,,,,,,,,,,,,,,,,,,,,,,,,,,,,,,,,,,,,,,,,,,,,,,,,,,,,,,,,,,,,,,,,,,,,,,,,,,,,,,,,,,,,,,,,,,,,,,,,,,,,,,,,,,,,,,,,,,,,,,,,,,,,,,,,,,,,,,,,,,,,,,,,,,,,,,,,,,,,,,,,,,,,,,,,,,,,,,,,,,,,,,,,,,,,,,,,,,,,,,,,,,,,,,,,,,,,,,3,4,3,4,4,4,4,4,5,5,4,4,,,,,,,,,,,,,,,,,,,,,,,,,2,1,2,1,1,2,1,1,1,2,1,1,1,1,2,1,1,1,1,1,2,1,1,1,1,1,1,1,1,1,1,1,1,2,1,1,1,2,2,1,1,3,2,1,3,2,1,3,2,2,2,1,1,4,2,2,5,4,4,1,1,1,4,3,2,4,4,4,2,neutral,neutral
2024-09-27 10:24:58,2024-09-27 10:51:47,0,100,1608,1,2024-09-27 10:51:47,R_8i4BLJeB82s6jWk,anonymous,EN,Chrome,129.0.0.0,Windows NT 10.0,1536x864,1,1,1,1,1,2,1,1,2,27,2,,2,9,7,7,2,6,12,1,1,1,3,3,3,,,,,,,,,,,,,,,,,,,,,,,,,,,,,,,,,,,,,,,,,,,,,,,,,,,,,,,,,,,,,,,,,,,,,,,,,,,,,,,,,,,,,,,,,,,,,,,,,,,,,,,,,,,,,1,3,1,3,5,3,2,1,3,4,1,2,,,,,,,,,,,,,,,,,,,,,,,,,,,,,,,,,,,,,,,,,,,,,,,,,,,,,,,,,,,,,,,,,,,,,,,,,,,,,,,,,,,,,,,,,,,,,,,,,,,,,,,,,,,,,,,,,,,,,,,,,,,,,,,,,,,,,,,,,,,,,,,,,,,,,,,,,,,,,,,,,,,,,,,,,1,1,2,1,1,1,1,2,1,1,1,1,2,1,1,1,1,2,1,2,1,1,1,1,1,1,1,1,2,1,1,2,2,1,1,2,2,1,2,1,1,1,4,1,1,5,1,2,4,1,1,3,1,1,4,1,2,4,1,3,5,1,1,2,1,2,4,1,1,neutral,neutral
2024-09-27 10:35:02,2024-09-27 10:57:38,0,100,1356,1,2024-09-27 10:57:40,R_3PYQkZKcTbqf201,anonymous,EN,Firefox,130.0,Windows NT 10.0,1536x864,1,1,1,1,1,2,1,1,2,21,2,,2,9,8,7,12,11,14,1,1,1,3,4,4,,,,,,,,,,,,,,,,,,,,,,,,,,,,,,,,,,,,,,,,,,,,,,,,,,,,,,,,,,,,,,,,,,,,,,,,,,,,,,,,,,,,,,,,,,,,,,,,,,,,,,,,,,,,,,,,,,,,,,,,,,,,,,,,,,,,,,,,,,,,,,,,,,,,,,,,,,,,,,,,,,,,,,,,,,,,,,,,,,,,,,,,,,,,,,,,,,,,,,,,,,,,,3,3,4,3,3,3,3,3,3,3,3,3,,,,,,,,,,,,,,,,,,,,,,,,,,,,,,,,,,,,,,,,,,,,,,,,,,,,,,,,,,,,,,,,,,,,,,,,,2,2,1,1,1,1,1,2,1,2,1,1,2,1,2,1,1,1,1,1,2,1,1,1,1,1,1,1,2,1,1,1,1,1,1,1,1,1,1,1,1,4,3,2,4,3,2,4,4,4,4,2,2,4,4,4,4,4,4,4,4,4,4,4,4,5,5,5,2,neutral,neutral
2024-09-27 12:41:41,2024-09-27 13:05:41,0,100,1440,1,2024-09-27 13:05:42,R_2440AJ2raww0iCl,anonymous,EN,Chrome,129.0.0.0,Windows NT 10.0,1536x864,1,1,1,1,1,2,1,1,2,23,2,,2,9,8,7,9,11,12,1,1,1,4,5,4,,,,,,,,,,,,,,,,,,,,,,,,,,,,,,,,,,,,,,,,,,,,,,,,,,,,,,,,,,,,,4,6,5,5,5,5,6,6,4,6,2,4,,,,,,,,,,,,,,,,,,,,,,,,,,,,,,,,,,,,,,,,,,,,,,,,,,,,,,,,,,,,,,,,,,,,,,,,,,,,,,,,,,,,,,,,,,,,,,,,,,,,,,,,,,,,,,,,,,,,,,,,,,,,,,,,,,,,,,,,,,,,,,,,,,,,,,,,,,,,,,,,,,,,,,,,,,,,,,,,,,,,,,,,,,,,,,,,,,,,,,,,,,,,,,,,,,,,,,,,,2,1,1,2,1,1,1,1,1,1,1,1,2,1,1,1,1,1,1,1,1,1,1,1,1,1,1,1,1,1,1,1,1,2,1,1,1,1,1,2,1,4,2,1,4,2,1,4,3,2,3,1,1,4,3,3,5,4,4,4,3,3,4,2,3,5,4,4,1,neutral,neutral
2024-09-27 12:42:23,2024-09-27 13:11:35,0,100,1751,1,2024-09-27 13:11:36,R_2tYvZ2VMAawKErn,anonymous,EN,Chrome,129.0.0.0,Windows NT 10.0,1366x768,1,1,1,1,1,2,1,1,2,24,2,,2,9,8,7,25,23,24,1,1,1,4,5,4,,,,,,,,,,,,,,,,,,,,,,,,,,,,,,,,,,,,,,,,,,,,,,,,,,,,,,,,,,,,,,,,,,,,,,,,,5,2,6,4,1,1,5,4,6,1,1,5,,,,,,,,,,,,,,,,,,,,,,,,,,,,,,,,,,,,,,,,,,,,,,,,,,,,,,,,,,,,,,,,,,,,,,,,,,,,,,,,,,,,,,,,,,,,,,,,,,,,,,,,,,,,,,,,,,,,,,,,,,,,,,,,,,,,,,,,,,,,,,,,,,,,,,,,,,,,,,,,,,,,,,,,,,,,,,,,,,,,,,,,,,,,,,,,,,,,,,,,,,,,,2,1,1,2,1,2,2,2,2,2,2,1,1,2,2,2,1,2,1,2,2,2,2,2,2,1,2,2,2,2,2,2,1,1,2,2,1,2,2,1,1,2,3,2,4,4,1,2,3,1,2,2,1,2,3,1,3,3,2,3,3,2,4,3,2,3,3,2,1,neutral,neutral
2024-09-27 16:26:24,2024-09-27 17:00:33,0,100,2049,1,2024-09-27 17:00:34,R_6f9tEWKzmOFU4zp,anonymous,EN,Chrome,129.0.0.0,Windows NT 10.0,1920x1080,1,1,1,1,1,2,1,1,2,25,2,,2,9,8,7,13,10,5,1,1,1,6,5,6,,,,,,,,,,,,,,,,,,,,,,,,,,,,,,,,,,,,,,,,,,,,,,,,,,,,,,,,,,,,,,,,,,,,,,,,,,,,,,,,,,,,,,,,,,,,,,,,,,,,,,,,,,,,,,,,,,,,,,,,,,,,,,,,,,,,,,,,,,,,,,,,,,,,,,,,,,,,,,,,,,,,,,,,,,,,,,,,,,,,,,,,,,,,,,,,,,,,,,,,,,,,,,,,,,,,,,,,,,,,,,,,,,,,,,,,,,,,,,,,,,,,,,,,,,,,,,,,,,,,,,,,,,,,,,,,,,,,,2,2,4,2,2,4,1,2,4,2,2,2,2,1,1,2,2,1,1,2,2,1,2,1,2,1,1,2,1,1,2,1,1,2,2,1,2,2,1,1,2,2,2,2,1,2,2,1,2,2,2,1,1,3,3,2,4,3,3,3,3,3,4,1,1,4,3,2,4,3,3,4,3,3,4,3,2,3,2,2,2,neutral,neutral
2024-09-27 17:30:47,2024-09-27 18:15:52,0,100,2704,1,2024-09-27 18:15:53,R_8D2iTuH45GZCOsk,anonymous,EN,Edge,129.0.0.0,Windows NT 10.0,1280x720,1,1,1,1,1,2,1,1,2,19,2,,2,9,8,6,30,10,13,1,1,1,6,6,5,,,,,,,,,,,,,,,,,,,,,,,,,,,,,,,,,,,,,,,,,,,,,,,,,,,,,,,,,,,,,,,,,,,,,,,,,,,,,,,,,,,,,,,,,,,,,,,,,1,4,5,3,2,4,1,5,3,5,2,4,,,,,,,,,,,,,,,,,,,,,,,,,,,,,,,,,,,,,,,,,,,,,,,,,,,,,,,,,,,,,,,,,,,,,,,,,,,,,,,,,,,,,,,,,,,,,,,,,,,,,,,,,,,,,,,,,,,,,,,,,,,,,,,,,,,,,,,,,,,,,,,,,,,,,,,,,,,,,,,,,,,,,,,,,,,,,,,,,,,,,2,1,1,2,2,2,1,1,2,2,2,1,2,1,1,1,1,2,1,2,1,2,2,1,2,1,1,1,1,1,2,1,1,1,1,1,1,2,2,2,1,4,2,4,2,5,2,3,2,4,1,2,2,2,2,3,4,4,4,2,4,4,2,2,4,2,3,4,1,neutral,neutral
2024-09-27 20:52:20,2024-09-27 21:11:18,0,100,1138,1,2024-09-27 21:11:19,R_6HgCDCB6gBYyyoF,anonymous,EN,Chrome,129.0.0.0,Windows NT 10.0,1280x720,1,1,1,1,1,2,1,1,2,41,2,,2,9,8,7,13,14,16,1,1,1,4,4,4,,,,,,,,,,,,,,,,,,,,,,,,,,,,,,,,,,,,,,,,,,,,,,,,,,,,,,,,,,,,,,,,,,,,,,,,,,,,,,,,,,,,,,,,,,,,,,,,,,,,,,,,,,,,,,,,,,,,,,,,,,,,,,,,,,,,,,,,,,,,,,,,,,,,,,,,,,,,,,,,,,,,,,,,,,,,,,,,,,,,,,,,,,,,,,,,,,,,,,,,,,,,,,,,,,,,,,,,,6,1,4,5,6,3,6,6,3,6,4,6,,,,,,,,,,,,,,,,,,,,,,,,,,,,,,,,,,,,,,,,,,,,,,,,,,,,,,,,,,,,,1,1,1,2,1,2,1,1,2,1,2,1,2,2,1,1,2,2,1,2,1,1,1,1,1,1,1,1,2,1,1,2,2,2,2,1,2,1,1,1,1,3,4,2,2,4,2,4,3,2,2,3,1,3,4,2,3,4,2,3,5,2,3,4,2,3,4,2,2,neutral,neutral
2024-09-27 22:15:19,2024-09-27 22:58:55,0,100,2616,1,2024-09-27 22:58:56,R_5Jh1cAKYARl3jQl,anonymous,EN,Chrome,129.0.0.0,Windows NT 10.0,1920x1080,1,1,1,1,1,2,1,1,2,28,2,,2,9,8,7,21,25,28,1,1,1,4,4,4,,,,,,,,,,,,,,,,,,,,,,,,,,,,,,,,,,,,,,,,,,,,,,,,,,,,,,,,,,,,,,,,,,,,,,,,,,,,,,,,,,,,,,,,,,,,,,,,,,,,,,,,,,,,,,,,,,,,,,,,,,,,,,,,,,,,,,,,,,,,,,,,,,,,,,,,,,,,,1,5,1,4,5,1,5,6,1,6,4,6,,,,,,,,,,,,,,,,,,,,,,,,,,,,,,,,,,,,,,,,,,,,,,,,,,,,,,,,,,,,,,,,,,,,,,,,,,,,,,,,,,,,,,,,,,,,,,,,,,,,,,,,,,,,,,,,,,,,,,,,,2,1,1,2,2,1,1,2,2,2,2,1,1,2,1,2,1,1,1,1,1,2,1,2,2,2,1,2,1,2,1,2,2,2,1,1,1,1,2,1,1,1,4,2,3,5,1,3,5,1,1,4,1,3,5,1,2,3,2,3,5,2,4,4,2,3,4,2,2,neutral,neutral
2024-09-27 22:54:39,2024-09-27 23:20:06,0,100,1526,1,2024-09-27 23:20:07,R_8TdfAw5GGEyKn4d,anonymous,EN,Chrome,129.0.0.0,Windows NT 10.0,1366x768,1,1,1,1,1,2,1,1,2,27,2,,2,9,8,5,13,13,13,1,1,1,3,3,3,,,,,,,,,,,,,,,,,,,,,,,,,,,,,,,,,,,,,6,6,6,6,6,6,6,5,6,5,6,6,,,,,,,,,,,,,,,,,,,,,,,,,,,,,,,,,,,,,,,,,,,,,,,,,,,,,,,,,,,,,,,,,,,,,,,,,,,,,,,,,,,,,,,,,,,,,,,,,,,,,,,,,,,,,,,,,,,,,,,,,,,,,,,,,,,,,,,,,,,,,,,,,,,,,,,,,,,,,,,,,,,,,,,,,,,,,,,,,,,,,,,,,,,,,,,,,,,,,,,,,,,,,,,,,,,,,,,,,,,,,,,,,,,,,,,,,,,,,,,,,5,2,1,1,1,1,1,1,1,2,1,1,2,1,1,1,1,1,1,1,1,1,1,1,1,1,1,1,1,1,1,1,1,1,1,1,1,1,1,1,1,5,5,5,5,5,5,5,5,4,5,5,5,5,5,5,5,5,5,5,5,5,5,5,5,5,5,5,1,neutral,neutral
2024-09-27 23:10:05,2024-09-27 23:45:34,0,100,2128,1,2024-09-27 23:45:34,R_25Lu3Z9A8ekhENw,anonymous,EN,Firefox,130.0,Windows NT 10.0,1366x768,1,1,1,1,1,2,1,1,2,24,2,,2,9,8,4,27,31,7,1,1,1,2,7,5,,,,,,,,,,,,,,,,,,,,,,,,,,,,,,,,,,,,,,,,,,,,,,,,,,,,,,,,,,,,,,,,,,,,,,,,,,,,,,,,,,,,,,,,,,,,,,,,,,,,,,,,,,,,,,,,,,,,,,,,,,,,,,,,,,,,,,,,,,,,,,,,,,,,,,,,,,,,,,,,,,,,,,,,,,,,,,,,,,,,,,,,,,,,,,,,,4,5,2,6,6,1,4,6,5,5,4,3,,,,,,,,,,,,,,,,,,,,,,,,,,,,,,,,,,,,,,,,,,,,,,,,,,,,,,,,,,,,,,,,,,,,,,,,,,,,,,,,,,,,,2,1,1,2,1,1,2,1,1,2,1,1,1,1,1,1,1,1,1,1,1,1,1,1,1,1,1,1,1,1,2,1,1,2,1,1,1,1,1,1,1,5,4,2,5,5,2,4,5,3,5,5,4,5,5,5,5,5,5,5,5,4,5,5,5,5,5,5,2,neutral,neutral
2024-09-28 00:36:58,2024-09-28 01:11:26,0,100,2067,1,2024-09-28 01:11:27,R_2vK5LkO65Bi7VBL,anonymous,EN,Chrome,128.0.0.0,Windows NT 10.0,1366x768,1,1,1,1,1,2,1,1,2,24,2,,2,9,8,8,23,28,2,1,1,1,4,4,3,,,,,,,,,,,,,,,,,,,,,,,,,,,,,,,,,,,,,,,,,,,,,,,,,,,,,,,,,,,,,,,,,,,,,,,,,,,,,,,,,,,,,,,,,,,,,,,,,,,,,,,,,,,,,,,,,,,,,,,,,,,,,,,,,,,,,3,4,4,5,4,1,6,6,1,5,5,1,,,,,,,,,,,,,,,,,,,,,,,,,,,,,,,,,,,,,,,,,,,,,,,,,,,,,,,,,,,,,,,,,,,,,,,,,,,,,,,,,,,,,,,,,,,,,,,,,,,,,,,,,,,,,,,,,,,,,,,,,,,,,,,,,,,,,,,,,,,,,,,,,2,1,2,1,1,1,1,2,1,1,1,1,1,1,1,2,2,1,1,2,2,1,1,1,1,1,1,2,2,1,1,1,1,1,1,2,1,1,2,1,1,4,3,3,3,2,2,4,3,3,5,4,3,5,4,3,5,5,5,5,5,4,5,5,5,5,5,5,1,neutral,neutral
2024-09-28 04:11:28,2024-09-28 04:45:43,0,100,2054,1,2024-09-28 04:45:44,R_8YWe25YZ7LUKYWB,anonymous,EN,Safari,17.4.1,Macintosh,1440x900,1,1,1,1,1,2,1,1,2,32,2,,2,9,8,6,28,31,3,1,1,1,1,4,4,,,,,,,,,,,,,5,4,3,4,2,3,2,3,5,4,4,2,,,,,,,,,,,,,,,,,,,,,,,,,,,,,,,,,,,,,,,,,,,,,,,,,,,,,,,,,,,,,,,,,,,,,,,,,,,,,,,,,,,,,,,,,,,,,,,,,,,,,,,,,,,,,,,,,,,,,,,,,,,,,,,,,,,,,,,,,,,,,,,,,,,,,,,,,,,,,,,,,,,,,,,,,,,,,,,,,,,,,,,,,,,,,,,,,,,,,,,,,,,,,,,,,,,,,,,,,,,,,,,,,,,,,,,,,,,,,,,,,,,,,,,,,,,,,,,,,,,,,,,,,2,2,2,1,2,1,2,1,1,2,1,1,2,1,2,1,1,2,1,1,1,1,1,1,1,1,1,1,2,1,1,1,1,1,1,2,1,1,2,1,2,3,4,4,3,4,3,3,3,3,2,4,2,3,4,2,3,3,2,3,3,3,3,3,3,3,3,3,1,neutral,neutral
2024-09-28 05:19:08,2024-09-28 05:47:29,0,100,1701,1,2024-09-28 05:47:30,R_2hbK43RbvjXS0Mh,anonymous,EN,Chrome,129.0.0.0,Windows NT 10.0,1536x864,1,1,1,1,1,2,1,1,2,23,2,,2,9,8,7,20,21,24,1,1,1,7,6,6,,,,,,,,,,,,,,,,,,,,,,,,,,,,,,,,,,,,,,,,,,,,,,,,,,,,,,,,,,,,,,,,,,,,,,,,,,,,,,,,,,,,,,,,,,,,,,,,,,,,,,,,,,,,,,,,,,,,,,,,,,,,,,,,,,,,,,,,,,,,,,,,,,,,,,,,,,,,,,,,,,,,,,,,,,,,,,,,,,,,,,,,,,,,,,,,,,,,,,,,,,,,,,,,,,,,,,,,,,,,,,,,,,,,,,,,,,,,,,,,,4,5,4,5,4,1,1,4,1,5,4,5,,,,,,,,,,,,,,,,,,,,,,,,,,,,,,,,,,,,,2,1,2,2,2,1,2,2,1,2,2,1,2,2,2,2,2,2,1,1,2,2,2,2,2,1,1,1,2,2,1,2,1,2,2,1,2,1,2,2,2,4,3,4,4,4,3,4,4,3,3,3,3,4,4,4,4,4,4,3,3,3,4,3,3,4,4,4,2,neutral,neutral
2024-09-28 09:40:06,2024-09-28 10:19:34,0,100,2367,1,2024-09-28 10:19:34,R_8Dpe3YFXhHamurz,anonymous,EN,Chrome,129.0.0.0,Macintosh,1440x900,1,1,1,1,1,2,1,1,2,38,2,,2,9,8,7,13,12,13,1,1,1,6,6,6,,,,,,,,,,,,,,,,,,,,,,,,,,,,,,,,,,,,,,,,,,,,,,,,,,,,,,,,,,,,,,,,,,,,,,,,,,,,,,,,,,,,,,,,,,,,,,,,,,,,,,,,,,,,,,,,,,,,,,,,,,,,,,,,,,,,,,,,,,,,,,,,,,,,,,,,,,,,,,,,,,,,,,,,,,,,,,,,,,,,,,,,,,,,,,,,,,,,,,,,,,,,,,,,,,,,,,,,,,,,,,,,,,,,,,,,,,,,,,,,,,,,,,,,,,,,,,,,,,,,,,,,,3,4,6,4,3,4,6,2,4,5,6,3,,,,,,,,,,,,,2,1,1,1,1,1,1,2,1,2,1,1,2,1,1,2,1,1,2,1,1,1,2,1,2,1,1,1,1,1,2,1,1,2,2,1,1,1,2,1,1,3,3,3,3,3,3,3,3,3,2,2,2,3,3,3,5,5,5,3,3,3,3,3,3,5,5,5,2,neutral,neutral
2024-09-28 10:20:03,2024-09-28 10:54:09,0,100,2046,1,2024-09-28 10:54:10,R_2i3rZL0tzuUyyEb,anonymous,EN,Chrome,128.0.0.0,Windows NT 10.0,1536x864,1,1,1,1,1,2,1,1,2,23,2,,2,9,8,7,11,14,14,1,1,1,5,5,3,,,,,,,,,,,,,,,,,,,,,,,,,5,5,2,4,2,3,5,5,2,5,5,2,,,,,,,,,,,,,,,,,,,,,,,,,,,,,,,,,,,,,,,,,,,,,,,,,,,,,,,,,,,,,,,,,,,,,,,,,,,,,,,,,,,,,,,,,,,,,,,,,,,,,,,,,,,,,,,,,,,,,,,,,,,,,,,,,,,,,,,,,,,,,,,,,,,,,,,,,,,,,,,,,,,,,,,,,,,,,,,,,,,,,,,,,,,,,,,,,,,,,,,,,,,,,,,,,,,,,,,,,,,,,,,,,,,,,,,,,,,,,,,,,,,,,,,,,,,,,2,2,1,2,1,1,1,1,2,1,2,1,1,1,2,1,2,2,1,1,1,1,1,1,1,1,1,2,2,1,1,1,1,2,1,1,1,2,2,1,1,4,3,4,4,3,1,4,4,3,4,1,3,4,4,4,5,4,4,1,1,3,4,2,3,5,5,5,1,neutral,neutral
2024-09-28 10:24:09,2024-09-28 11:01:59,0,100,2270,1,2024-09-28 11:02:00,R_6ElKlJnHYCRNj7g,anonymous,EN,Chrome,129.0.0.0,Windows NT 10.0,1536x864,1,1,1,1,1,2,1,1,2,35,2,,2,9,8,7,19,24,27,1,1,1,5,5,5,,,,,,,,,,,,,,,,,,,,,,,,,,,,,,,,,,,,,,,,,,,,,,,,,,,,,,,,,,,,,,,,,,,,,,,,,,,,,,,,,,,,,6,1,1,1,1,1,1,1,1,6,1,1,,,,,,,,,,,,,,,,,,,,,,,,,,,,,,,,,,,,,,,,,,,,,,,,,,,,,,,,,,,,,,,,,,,,,,,,,,,,,,,,,,,,,,,,,,,,,,,,,,,,,,,,,,,,,,,,,,,,,,,,,,,,,,,,,,,,,,,,,,,,,,,,,,,,,,,,,,,,,,,,,,,,,,,,,,,,,,,,,,,,,,,,,,,,,,,,,1,1,1,1,1,1,1,2,2,2,1,1,2,1,2,1,1,2,2,1,1,1,1,1,1,1,1,1,1,1,1,1,1,1,1,1,1,1,1,1,1,4,4,4,5,5,5,3,3,3,4,4,4,4,4,4,5,5,5,4,4,4,4,4,4,5,5,5,1,neutral,neutral
2024-09-28 11:04:32,2024-09-28 11:29:03,0,100,1471,1,2024-09-28 11:29:04,R_7OwwG07a8xcO0zc,anonymous,EN,Chrome,129.0.0.0,Windows NT 10.0,1536x864,1,1,1,1,1,2,1,1,2,22,3,,2,9,8,7,22,20,24,1,1,1,3,4,2,,,,,,,,,,,,,,,,,,,,,,,,,,,,,,,,,,,,,,,,,,,,,,,,,,,,,,,,,,,,,,,,,,,,,,,,,,,,,,,,,,,,,,,,,,,,,,,,,,,,,,,,,,,,,,,,,,,,,,,,,,,,,,,,,,,,,,,,,,,,,,,,,,,,,,,,,,,,,,,,,,,,,,,,,5,3,4,3,2,4,5,5,2,2,4,2,,,,,,,,,,,,,,,,,,,,,,,,,,,,,,,,,,,,,,,,,,,,,,,,,,,,,,,,,,,,,,,,,,,,,,,,,,,,,,,,,,,,,,,,,,,,,,,,,,,,,,,,,,,,,2,1,1,2,1,1,1,1,1,2,2,1,2,1,2,1,1,1,1,1,2,1,1,1,1,1,1,1,1,1,1,1,2,2,1,1,2,1,1,1,1,3,4,3,2,3,2,3,4,3,3,2,1,3,3,2,1,1,1,3,3,3,3,3,4,4,4,4,2,neutral,neutral
2024-09-28 12:09:52,2024-09-28 12:28:08,0,100,1095,1,2024-09-28 12:28:08,R_7gXA8HShbjYRV3y,anonymous,EN,Chrome,129.0.0.0,Windows NT 10.0,2560x1440,1,1,1,1,1,2,1,1,2,30,2,,2,9,8,7,13,7,3,1,1,1,4,4,3,,,,,,,,,,,,,,,,,,,,,,,,,,,,,,,,,,,,,,,,,,,,,,,,,,,,,,,,,,,,,,,,,,,,,,,,,,,,,,,,,,,,,,,,,,,,,,,,,,,,,,,,,,,,,,,,,,,,,,,,,,,,,,,,,,,,,,,,,,,,,,,,,,,,,,,,,,,,,,,,,,,,,,,,,,,,,,,,,,,,,3,3,2,2,2,3,3,2,2,2,4,2,,,,,,,,,,,,,,,,,,,,,,,,,,,,,,,,,,,,,,,,,,,,,,,,,,,,,,,,,,,,,,,,,,,,,,,,,,,,,,,,,,,,,,,,,,,,,,,,,2,2,1,1,1,1,1,1,1,1,1,1,1,1,1,1,1,1,1,1,1,1,1,1,1,1,1,1,1,1,1,1,1,1,1,1,1,1,1,1,1,3,3,3,2,2,2,2,2,2,2,2,2,2,2,2,4,4,4,4,4,4,4,4,4,5,5,5,2,neutral,neutral
2024-09-28 16:57:42,2024-09-28 17:30:33,0,100,1970,1,2024-09-28 17:30:34,R_2MVXa9CEO81SF2H,anonymous,EN,Chrome,128.0.0.0,Windows NT 10.0,1366x768,1,1,1,1,1,2,1,1,2,23,2,,2,9,8,7,24,21,18,1,1,1,5,5,5,,,,,,,,,,,,,,,,,,,,,,,,,,,,,,,,,,,,,,,,,,,,,,,,,,,,,,,,,,,,,,,,,,,,,,,,,,,,,,,,,,,,,,,,,,,,,,,,,,,,,,,,,,,,,,,,,,,,,,,,,6,4,6,6,6,6,6,5,6,4,6,6,,,,,,,,,,,,,,,,,,,,,,,,,,,,,,,,,,,,,,,,,,,,,,,,,,,,,,,,,,,,,,,,,,,,,,,,,,,,,,,,,,,,,,,,,,,,,,,,,,,,,,,,,,,,,,,,,,,,,,,,,,,,,,,,,,,,,,,,,,,,,,,,,,,,,,,,,,,,,2,1,1,2,2,2,1,1,1,2,1,1,2,2,2,1,1,1,1,2,2,1,1,1,1,1,1,1,2,1,1,1,1,1,1,2,1,1,2,2,1,3,3,3,4,3,3,2,4,4,3,3,3,3,3,3,5,4,4,2,4,5,3,4,4,4,3,3,1,neutral,neutral
2024-09-29 01:32:38,2024-09-29 01:51:28,0,100,1129,1,2024-09-29 01:51:29,R_8RHIboNVmy63XDH,anonymous,EN,Chrome,129.0.0.0,Windows NT 10.0,1536x864,1,1,1,1,1,2,1,1,2,26,2,,2,10,9,8,3,4,4,1,1,1,6,6,6,,,,,,,,,,,,,,,,,,,,,,,,,,,,,,,,,,,,,,,,,,,,,,,,,,,,,,,,,,,,,,,,,,,,,,,,,,,,,,,,,,,,,,,,,,,,,,,,,,,,,,,,,,,,,,,,,,,,,,,,,,,,,,,,,,,,,,,,,,,,,,,,,,,,,,,,,,,,,,,,,,,,,,,,,,,,,,,,,,,,,,,,,,,,,,,,,,,,,,,,,,,,,,,,,,,,,,,,,,,,,,,,,,,,,2,5,5,5,4,5,3,4,5,5,5,4,,,,,,,,,,,,,,,,,,,,,,,,,,,,,,,,,,,,,,,,,,,,,,,,,2,1,2,2,1,1,1,1,2,1,2,1,2,1,1,1,1,1,1,1,1,1,2,2,2,1,1,2,1,1,1,1,1,2,2,1,1,2,2,1,1,3,3,2,2,2,2,3,3,2,1,1,1,1,2,2,2,2,2,2,2,2,2,2,2,3,3,3,2,neutral,neutral
2024-09-29 09:57:40,2024-09-29 10:31:15,0,100,2014,1,2024-09-29 10:31:15,R_8Msug1ccawVceYx,anonymous,EN,Chrome,129.0.0.0,Windows NT 10.0,1366x768,1,1,1,1,1,2,1,1,2,34,2,,2,10,9,7,4,9,23,1,1,1,5,5,5,6,5,6,4,4,1,2,2,3,4,2,3,,,,,,,,,,,,,,,,,,,,,,,,,,,,,,,,,,,,,,,,,,,,,,,,,,,,,,,,,,,,,,,,,,,,,,,,,,,,,,,,,,,,,,,,,,,,,,,,,,,,,,,,,,,,,,,,,,,,,,,,,,,,,,,,,,,,,,,,,,,,,,,,,,,,,,,,,,,,,,,,,,,,,,,,,,,,,,,,,,,,,,,,,,,,,,,,,,,,,,,,,,,,,,,,,,,,,,,,,,,,,,,,,,,,,,,,,,,,,,,,,,,,,,,,,,,,,,,,,,,,,,,,,,,,,,,,,,,,,2,1,1,2,1,1,1,1,2,2,2,2,1,2,2,1,1,2,1,2,2,1,1,1,1,1,1,1,1,1,1,1,1,1,1,1,1,2,2,1,1,5,4,3,5,5,4,5,5,4,5,5,4,5,5,3,5,5,5,3,4,2,5,4,4,5,5,5,1,neutral,neutral
2024-09-29 13:06:36,2024-09-29 13:15:43,0,100,547,1,2024-09-29 13:15:44,R_6LSXhBWSa6UZ70X,anonymous,EN,Chrome,129.0.0.0,Windows NT 10.0,1536x864,1,1,1,1,1,2,1,1,2,31,2,,2,9,8,7,30,24,20,1,1,1,1,5,6,,,,,,,,,,,,,,,,,,,,,,,,,,,,,,,,,,,,,,,,,,,,,,,,,5,5,5,5,5,5,5,5,5,5,5,5,,,,,,,,,,,,,,,,,,,,,,,,,,,,,,,,,,,,,,,,,,,,,,,,,,,,,,,,,,,,,,,,,,,,,,,,,,,,,,,,,,,,,,,,,,,,,,,,,,,,,,,,,,,,,,,,,,,,,,,,,,,,,,,,,,,,,,,,,,,,,,,,,,,,,,,,,,,,,,,,,,,,,,,,,,,,,,,,,,,,,,,,,,,,,,,,,,,,,,,,,,,,,,,,,,,,,,,,,,,,,,,,,,,,,3,2,1,1,2,1,2,1,2,1,1,1,1,1,1,1,1,1,1,1,1,1,1,1,1,1,1,1,1,1,1,1,1,2,1,1,1,1,1,1,1,3,4,4,3,3,3,4,4,3,4,3,2,4,3,3,4,3,3,3,3,3,3,3,4,4,4,4,1,neutral,neutral
2024-09-29 12:53:56,2024-09-29 13:42:19,0,100,2903,1,2024-09-29 13:42:20,R_8gbX42fZoDlbTrJ,anonymous,EN,Chrome,129.0.0.0,Windows NT 10.0,1280x720,1,1,1,1,1,2,1,1,2,28,2,,2,9,8,7,20,18,24,1,1,1,7,7,7,,,,,,,,,,,,,,,,,,,,,,,,,,,,,,,,,,,,,,,,,,,,,,,,,,,,,,,,,,,,,,,,,,,,,,,,,,,,,,,,,,,,,,,,,,,,,,,,,,,,,,,,,,,,,,,,,,,,,,,,,,,,,,,,,,,,,,,,,,,,,,,,,6,1,6,6,6,3,6,6,6,1,5,6,,,,,,,,,,,,,,,,,,,,,,,,,,,,,,,,,,,,,,,,,,,,,,,,,,,,,,,,,,,,,,,,,,,,,,,,,,,,,,,,,,,,,,,,,,,,,,,,,,,,,,,,,,,,,,,,,,,,,,,,,,,,,,,,,,,,,2,1,1,2,2,1,2,1,2,2,1,2,1,1,1,1,1,1,1,1,1,1,1,1,1,1,1,2,2,1,1,1,1,1,1,1,1,1,2,1,1,4,3,3,4,4,3,5,4,3,5,5,5,5,5,4,5,4,4,5,5,5,5,4,3,5,4,4,2,neutral,neutral
2024-09-29 14:38:07,2024-09-29 15:48:13,0,100,4205,1,2024-09-29 15:48:14,R_7p34qOf1Y7k6sXD,anonymous,EN,Edge,129.0.0.0,Windows NT 10.0,1494x934,1,1,1,1,1,2,1,1,2,29,2,,2,9,8,7,13,12,11,1,1,1,5,5,5,,,,,,,,,,,,,,,,,,,,,,,,,,,,,,,,,,,,,,,,,,,,,,,,,,,,,,,,,,,,,,,,,,,,,,,,,,,,,,,,,,,,,,,,,,,,,,,,,,,,,,,,,,,,,,,,,,,,,,,,,,,,,,,,,,,,,3,5,4,5,4,4,5,5,3,4,6,2,,,,,,,,,,,,,,,,,,,,,,,,,,,,,,,,,,,,,,,,,,,,,,,,,,,,,,,,,,,,,,,,,,,,,,,,,,,,,,,,,,,,,,,,,,,,,,,,,,,,,,,,,,,,,,,,,,,,,,,,,,,,,,,,,,,,,,,,,,,,,,,,,2,2,2,2,2,1,2,1,1,1,2,1,2,2,1,2,1,1,2,1,1,2,2,1,2,2,2,1,2,1,2,1,2,2,2,2,2,2,2,2,1,3,3,2,3,3,3,3,3,2,2,2,3,4,3,4,3,3,4,3,3,3,3,3,3,3,3,4,1,neutral,neutral
2024-09-29 21:19:14,2024-09-29 21:38:54,0,100,1180,1,2024-09-29 21:38:55,R_4LU951e6wiBS69P,anonymous,EN,Chrome,129.0.0.0,Windows NT 10.0,1366x768,1,1,1,1,1,2,1,1,2,29,2,,2,9,8,7,14,9,12,1,1,1,7,7,7,,,,,,,,,,,,,,,,,,,,,,,,,,,,,,,,,,,,,,,,,,,,,,,,,,,,,,,,,,,,,,,,,,,,,,,,,,,,,,,,,,,,,,,,,,,,,,,,,,,,,,,,,,,,,,,,,,,,,,,,,,,,,,,,,,,,,,,,,,,,,,,,,,,,,,,,,,,,,,,,,,,,,,,,,,,,,,,,,,,,,,,,,,,,,,,,,,,,,,,,,,,,,,,,,,,,,,,,,,,,,,,,,,,,,,,,,,,,,,,,,4,3,2,3,3,2,2,2,1,2,2,2,,,,,,,,,,,,,,,,,,,,,,,,,,,,,,,,,,,,,2,2,1,1,1,1,1,2,2,1,2,1,2,1,2,1,1,2,1,1,1,2,1,1,1,1,1,1,1,1,1,1,1,1,1,1,1,1,2,1,1,2,2,2,3,3,1,2,2,2,2,2,2,2,2,2,4,4,4,1,1,1,2,2,2,4,4,4,2,neutral,neutral
2024-09-30 02:18:41,2024-09-30 02:46:20,0,100,1659,1,2024-09-30 02:46:21,R_23gB5yFciezgh9M,anonymous,EN,Chrome,129.0.0.0,Windows NT 10.0,1280x720,1,1,1,1,1,2,1,1,2,23,2,,2,9,8,7,24,25,20,1,1,1,6,6,6,,,,,,,,,,,,,,,,,,,,,,,,,,,,,,,,,,,,,,,,,,,,,,,,,,,,,,,,,,,,,,,,,,,,,,,,,,,,,,,,,,,,,,,,,,,,,,,,,4,5,3,5,3,4,2,5,3,5,2,3,,,,,,,,,,,,,,,,,,,,,,,,,,,,,,,,,,,,,,,,,,,,,,,,,,,,,,,,,,,,,,,,,,,,,,,,,,,,,,,,,,,,,,,,,,,,,,,,,,,,,,,,,,,,,,,,,,,,,,,,,,,,,,,,,,,,,,,,,,,,,,,,,,,,,,,,,,,,,,,,,,,,,,,,,,,,,,,,,,,,,2,1,1,2,1,1,2,1,1,1,2,1,1,1,1,1,2,2,1,1,1,1,2,1,2,1,1,1,1,1,2,1,1,2,1,1,1,1,2,1,2,4,4,4,3,4,2,3,4,3,3,4,2,4,4,4,4,4,3,3,3,3,4,4,3,4,4,4,1,neutral,neutral
2024-09-30 05:27:29,2024-09-30 06:21:08,0,100,3219,1,2024-09-30 06:21:09,R_2U9sincac6hqena,anonymous,EN,Chrome,129.0.0.0,Windows NT 10.0,1280x720,1,1,1,1,1,2,1,1,2,28,2,,2,9,8,7,24,27,31,1,1,1,5,5,5,,,,,,,,,,,,,,,,,,,,,,,,,,,,,,,,,,,,,,,,,,,,,,,,,,,,,,,,,,,,,,,,,,,,,,,,,,,,,,,,,,,,,,,,,,,,,,,,,,,,,,,,,,,,,,,,,,,,,,,,,,,,,,,,,,,,,,,,,,,,,,,,,,,,,,,,,,,,,,,,,,,,,,,,,,,,,,,,,,,,,,,,,,,,,,,,,,,,,,,,,,,,,,,,,,,,,,,,,,,,,,,,,,,,,,,,,,,,,,,,,,,,,,,,,,,,,3,4,2,5,5,5,3,4,5,5,3,4,,,,,,,,,,,,,,,,,,,,,,,,,2,1,1,2,1,1,2,1,2,1,1,1,2,2,2,1,1,2,1,1,1,1,1,1,1,1,1,1,1,1,1,1,1,1,1,1,1,1,2,1,1,4,4,3,4,4,2,4,4,3,4,4,3,4,4,4,5,5,5,4,4,4,4,4,4,4,4,4,2,neutral,neutral
2024-09-30 08:56:56,2024-09-30 09:17:21,0,100,1225,1,2024-09-30 09:17:22,R_5dySnRmQTmxDxhB,anonymous,EN,Chrome,121.0.0.0,Windows NT 10.0,1366x768,1,1,1,1,1,2,1,1,2,41,2,,2,9,8,7,22,20,19,1,1,1,7,6,7,,,,,,,,,,,,,,,,,,,,,,,,,,,,,,,,,,,,,,,,,,,,,,,,,,,,,,,,,,,,,,,,,,,,,,,,,,,,,,,,,,,,,,,,,,,,,,,,,,,,,,,,,,,,,,,,,,,,,,,,,,,,,,,,,,,,,,,,,,,,,,,,,,,,,,,,,,,,,,,,,,,,,,,,,,,,,,,,,,,,,,,,,,,,,,,,,4,4,3,4,3,4,4,4,4,4,4,5,,,,,,,,,,,,,,,,,,,,,,,,,,,,,,,,,,,,,,,,,,,,,,,,,,,,,,,,,,,,,,,,,,,,,,,,,,,,,,,,,,,,,2,1,1,1,2,1,1,1,1,1,1,1,1,1,1,1,1,1,1,1,1,1,1,1,1,1,1,1,1,1,1,1,1,1,1,1,1,1,1,1,1,4,3,3,4,3,3,4,3,3,3,2,2,3,2,2,4,4,4,3,3,3,3,3,3,4,3,3,2,neutral,neutral
2024-10-01 06:24:25,2024-10-01 06:50:25,0,100,1560,1,2024-10-01 06:50:26,R_81LplzDFlyv4Zu9,anonymous,EN,Firefox,115.0,Macintosh,1280x800,1,1,1,1,1,2,1,1,2,40,2,,2,9,8,7,13,18,23,1,1,1,6,6,6,,,,,,,,,,,,,,,,,,,,,,,,,3,4,3,5,5,3,5,6,2,4,6,3,,,,,,,,,,,,,,,,,,,,,,,,,,,,,,,,,,,,,,,,,,,,,,,,,,,,,,,,,,,,,,,,,,,,,,,,,,,,,,,,,,,,,,,,,,,,,,,,,,,,,,,,,,,,,,,,,,,,,,,,,,,,,,,,,,,,,,,,,,,,,,,,,,,,,,,,,,,,,,,,,,,,,,,,,,,,,,,,,,,,,,,,,,,,,,,,,,,,,,,,,,,,,,,,,,,,,,,,,,,,,,,,,,,,,,,,,,,,,,,,,,,,,,,,,,,,,2,2,1,1,1,1,1,1,1,2,2,1,2,1,2,1,2,1,1,1,1,2,1,1,1,1,1,1,2,1,1,1,1,2,1,1,1,2,1,1,1,4,2,4,3,3,3,3,2,4,2,1,3,4,3,5,5,4,5,3,3,3,3,2,4,5,5,5,1,neutral,neutral
2024-10-01 06:34:49,2024-10-01 07:20:30,0,100,2740,1,2024-10-01 07:20:30,R_22nsZpwB4sJiEZ9,anonymous,EN,Firefox,127.0,Windows NT 10.0,1366x768,1,1,1,1,1,2,1,1,2,25,2,,2,9,8,7,11,31,26,1,1,1,4,5,5,,,,,,,,,,,,,,,,,,,,,,,,,,,,,,,,,,,,,,,,,,,,,,,,,,,,,,,,,,,,,3,5,5,1,6,5,3,6,3,4,1,6,,,,,,,,,,,,,,,,,,,,,,,,,,,,,,,,,,,,,,,,,,,,,,,,,,,,,,,,,,,,,,,,,,,,,,,,,,,,,,,,,,,,,,,,,,,,,,,,,,,,,,,,,,,,,,,,,,,,,,,,,,,,,,,,,,,,,,,,,,,,,,,,,,,,,,,,,,,,,,,,,,,,,,,,,,,,,,,,,,,,,,,,,,,,,,,,,,,,,,,,,,,,,,,,,,,,,,,,,2,1,1,2,1,2,2,2,2,2,2,2,1,2,2,1,1,2,1,2,1,2,1,1,2,2,2,1,2,1,1,1,1,2,1,2,1,2,2,1,1,3,3,1,3,3,1,3,3,1,3,3,1,4,4,1,4,4,3,5,5,5,5,5,1,3,3,1,1,neutral,neutral
2024-10-01 10:16:41,2024-10-01 10:59:04,0,100,2543,1,2024-10-01 10:59:05,R_8Jucp8XNs0FKOd3,anonymous,EN,Chrome,129.0.0.0,Windows NT 10.0,1536x864,1,1,1,1,1,2,1,1,2,23,2,,2,9,8,7,1,5,10,1,1,1,3,4,3,,,,,,,,,,,,,,,,,,,,,,,,,,,,,,,,,,,,,,,,,,,,,,,,,,,,,,,,,,,,,,,,,,,,,,,,,,,,,,,,,,,,,,,,,,,,,,,,,,,,,,,,,,,,,,,,,,,,,,,,,,,,,,,,,,,,,,,,,,,,,,,,,,,,,,,,,,,,,,,,,,,,,,,,,,,,,,,,,,,,,,,,,,,,,,,,,,,,,,,,,,,,,,,,,,,,,,,,,,,,,,,,,,,,,,,,,,,,,,,,,,,,,,,,,,,,,,,,,,,,,,,,,4,5,6,4,1,1,5,2,3,5,4,5,,,,,,,,,,,,,2,1,1,2,1,1,2,2,1,2,2,1,2,1,1,2,1,2,1,1,2,1,1,1,1,1,1,2,1,1,1,1,2,2,1,2,1,2,2,2,1,4,5,5,5,5,3,4,4,3,3,2,1,4,5,5,5,5,5,3,4,5,4,5,3,5,5,5,2,neutral,neutral
2024-10-01 11:03:11,2024-10-01 11:24:00,0,100,1249,1,2024-10-01 11:24:01,R_2hnEQP1fPt3eZxI,anonymous,EN,Firefox,130.0,Windows NT 10.0,1920x1080,1,1,1,1,1,2,1,1,2,29,2,,2,10,9,8,20,22,27,1,1,1,4,5,4,,,,,,,,,,,,,,,,,,,,,,,,,,,,,,,,,,,,,,,,,,,,,,,,,,,,,,,,,,,,,,,,,,,,,,,,,2,2,3,1,1,1,1,4,2,1,2,1,,,,,,,,,,,,,,,,,,,,,,,,,,,,,,,,,,,,,,,,,,,,,,,,,,,,,,,,,,,,,,,,,,,,,,,,,,,,,,,,,,,,,,,,,,,,,,,,,,,,,,,,,,,,,,,,,,,,,,,,,,,,,,,,,,,,,,,,,,,,,,,,,,,,,,,,,,,,,,,,,,,,,,,,,,,,,,,,,,,,,,,,,,,,,,,,,,,,,,,,,,,,,2,1,1,2,2,1,2,1,1,2,2,1,1,1,2,1,1,1,1,1,1,2,2,1,2,1,1,2,1,1,2,2,1,2,1,1,1,1,1,1,1,1,2,1,3,5,1,1,4,1,1,1,1,2,1,1,4,4,3,3,3,3,1,1,2,3,3,2,1,neutral,neutral
2024-10-01 11:16:23,2024-10-01 12:09:52,0,100,3209,1,2024-10-01 12:09:54,R_67lNh2Doea1aEHO,anonymous,EN,Edge,129.0.0.0,Windows NT 10.0,1536x864,1,1,1,1,1,2,1,1,2,24,2,,2,8,7,6,4,16,24,1,1,1,5,8,6,,,,,,,,,,,,,,,,,,,,,,,,,,,,,,,,,,,,,,,,,,,,,,,,,,,,,,,,,,,,,,,,,,,,,,,,,,,,,,,,,,,,,,,,,,,,,,,,,,,,,,,,,,,,,,,,,,,,,,,,,,,,,,,,,,,,,,,,,,,,,,,,,,,,,,,,,,,,,,,,,,,,,,,,,,,,,,,,,,,,,,,,,,,,,,,,,,,,,,,,,,,,,3,3,2,3,3,3,4,4,3,2,4,2,,,,,,,,,,,,,,,,,,,,,,,,,,,,,,,,,,,,,,,,,,,,,,,,,,,,,,,,,,,,,,,,,,,,,,,,,2,1,2,2,2,2,1,1,1,2,2,1,2,1,2,2,1,2,2,1,1,2,1,2,1,1,1,2,2,2,1,2,1,2,1,2,2,2,2,1,1,3,3,3,3,4,2,3,3,3,1,2,1,2,2,2,2,2,2,2,2,3,2,2,3,2,2,3,2,neutral,neutral
2024-10-01 14:11:36,2024-10-01 14:36:04,0,100,1467,1,2024-10-01 14:36:05,R_7RaQ9sKOIQhoBWm,anonymous,EN,Chrome,128.0.0.0,Macintosh,1280x800,1,1,1,1,1,2,1,1,2,41,2,,2,9,8,8,24,29,4,1,1,1,6,6,6,,,,,,,,,,,,,,,,,,,,,,,,,,,,,,,,,,,,,2,2,2,2,3,2,2,2,2,2,2,2,,,,,,,,,,,,,,,,,,,,,,,,,,,,,,,,,,,,,,,,,,,,,,,,,,,,,,,,,,,,,,,,,,,,,,,,,,,,,,,,,,,,,,,,,,,,,,,,,,,,,,,,,,,,,,,,,,,,,,,,,,,,,,,,,,,,,,,,,,,,,,,,,,,,,,,,,,,,,,,,,,,,,,,,,,,,,,,,,,,,,,,,,,,,,,,,,,,,,,,,,,,,,,,,,,,,,,,,,,,,,,,,,,,,,,,,,,,,,,,,,2,2,2,2,2,1,1,2,2,2,1,2,2,1,2,1,2,1,2,1,2,1,2,1,2,1,2,1,1,1,2,1,1,1,1,1,1,1,2,2,1,4,3,2,3,2,1,4,3,2,3,1,1,4,3,3,4,3,3,3,3,3,4,3,3,4,3,3,1,neutral,neutral
2024-10-01 15:02:07,2024-10-01 15:28:44,0,100,1596,1,2024-10-01 15:28:45,R_63dSuZaaYGPXIDX,anonymous,EN,Chrome,129.0.0.0,Windows NT 10.0,1920x1080,1,1,1,1,1,2,1,1,2,30,2,,2,9,8,7,21,23,27,1,1,1,4,4,4,,,,,,,,,,,,,,,,,,,,,,,,,,,,,,,,,,,,,,,,,,,,,,,,,,,,,,,,,,,,,,,,,,,,,,,,,,,,,,,,,,,,,,,,,,,,,,,,,,,,,,,,,,,,,,,,,,,,,,,,,,,,,,,,,,,,,,,,,,,,,,,,,,,,,,,,,,,,,4,6,1,3,5,1,4,6,1,6,5,6,,,,,,,,,,,,,,,,,,,,,,,,,,,,,,,,,,,,,,,,,,,,,,,,,,,,,,,,,,,,,,,,,,,,,,,,,,,,,,,,,,,,,,,,,,,,,,,,,,,,,,,,,,,,,,,,,,,,,,,,,2,2,1,2,1,1,1,1,2,2,1,1,2,1,1,1,1,2,1,2,1,1,2,1,1,1,1,1,2,1,1,1,2,1,1,1,1,2,2,1,2,4,2,3,3,4,5,4,2,3,4,2,2,4,4,3,3,3,3,2,1,1,4,2,2,4,4,4,2,neutral,neutral
2024-10-02 05:07:04,2024-10-02 05:29:56,0,100,1371,1,2024-10-02 05:29:57,R_80leOk9Ww1oaOQx,anonymous,EN,Chrome,129.0.0.0,Windows NT 10.0,1366x768,1,1,1,1,1,2,1,1,2,37,2,,2,10,9,8,20,20,21,1,1,1,7,7,7,,,,,,,,,,,,,,,,,,,,,,,,,,,,,,,,,,,,,,,,,,,,,,,,,,,,,,,,,,,,,,,,,,,,,,,,,,,,,,,,,,,,,,,,,,,,,,,,,,,,,,,,,,,,,,,,,,,,,,,,,4,2,2,4,4,4,3,3,4,2,4,4,,,,,,,,,,,,,,,,,,,,,,,,,,,,,,,,,,,,,,,,,,,,,,,,,,,,,,,,,,,,,,,,,,,,,,,,,,,,,,,,,,,,,,,,,,,,,,,,,,,,,,,,,,,,,,,,,,,,,,,,,,,,,,,,,,,,,,,,,,,,,,,,,,,,,,,,,,,,,2,2,1,2,1,1,1,1,2,2,2,1,2,1,2,2,2,2,1,1,2,2,2,2,2,1,1,1,2,1,2,1,2,2,2,1,2,1,2,1,1,5,4,2,3,2,1,4,3,3,1,1,1,4,4,3,5,5,5,4,4,4,4,4,4,5,5,5,1,neutral,neutral
2024-10-02 05:52:09,2024-10-02 06:02:15,0,100,606,1,2024-10-02 06:02:16,R_2Lcn9vLA0bTCQSB,anonymous,EN,Safari,17.6,Macintosh,1440x900,1,1,1,1,1,2,1,1,2,22,2,,2,9,8,7,9,6,4,1,1,1,6,6,7,,,,,,,,,,,,,,,,,,,,,,,,,,,,,,,,,,,,,,,,,,,,,,,,,,,,,,,,,,,,,,,,,,,,,,,,,,,,,,,,,,,,,,,,,,,,,,,,,,,,,,,,,,,,,,,,,,,,,,,,,,,,,,,,,,,,,,,,,,,,,,,,,,,,,,,,,,,,,,,,,,,,,,,,,,,,,,,,,,,,,,,,,,,,,,,,,,,,,,,,,,,,,,,,,,,,,,,,,,,,,,,,,,,,,,,,,,,,,,,,,,,,,,,,,,,,,,,,,,,,,,,,,,,,,,,,,,,,,3,5,5,3,2,5,2,4,5,5,2,4,2,1,2,2,2,1,1,1,2,2,1,1,2,2,1,1,1,1,1,2,1,1,1,1,1,2,1,1,2,1,1,1,1,1,2,1,1,1,1,1,1,4,3,3,4,3,2,5,3,2,3,1,1,5,3,2,4,4,2,4,3,3,4,3,4,5,4,4,2,neutral,neutral
2024-10-02 08:17:26,2024-10-02 08:34:05,0,100,999,1,2024-10-02 08:34:06,R_8pWvfnUYyzVDK63,anonymous,EN,Chrome,129.0.0.0,Windows NT 10.0,1536x864,1,1,1,1,1,2,1,1,2,24,2,,2,9,8,7,10,10,15,1,1,1,5,8,5,,,,,,,,,,,,,6,3,3,1,2,3,3,2,4,2,2,3,,,,,,,,,,,,,,,,,,,,,,,,,,,,,,,,,,,,,,,,,,,,,,,,,,,,,,,,,,,,,,,,,,,,,,,,,,,,,,,,,,,,,,,,,,,,,,,,,,,,,,,,,,,,,,,,,,,,,,,,,,,,,,,,,,,,,,,,,,,,,,,,,,,,,,,,,,,,,,,,,,,,,,,,,,,,,,,,,,,,,,,,,,,,,,,,,,,,,,,,,,,,,,,,,,,,,,,,,,,,,,,,,,,,,,,,,,,,,,,,,,,,,,,,,,,,,,,,,,,,,,,,,2,1,2,2,1,2,1,1,1,1,2,1,1,2,2,1,2,1,1,1,1,1,2,2,2,1,1,1,2,1,1,1,2,2,1,2,1,2,2,1,1,2,3,2,1,4,1,3,4,2,1,2,1,1,4,1,2,2,2,4,4,4,1,3,3,2,2,2,1,neutral,neutral
2024-10-02 08:17:37,2024-10-02 08:56:41,0,100,2343,1,2024-10-02 08:56:42,R_7MR2DbWVw4a8W6J,anonymous,EN,Chrome,127.0.0.0,Macintosh,1280x800,1,1,1,1,1,2,1,1,2,40,2,,2,9,8,8,22,28,3,1,1,1,8,5,7,,,,,,,,,,,,,,,,,,,,,,,,,,,,,,,,,,,,,,,,,,,,,,,,,,,,,,,,,,,,,,,,,,,,,,,,,,,,,,,,,,,,,,,,,,,,,,,,,,,,,,,,,,,,,,,,,,,,,,,,,,,,,,,,,,,,,,,,,,,,,,,,,,,,,,,,,,,,,,,,,,,,,,,,,,,,,,,,,,,,,,,,,,,,,,,,,,,,,,,,,,,,,,,,,,,,,,,,,3,1,5,2,5,3,5,5,3,5,4,5,,,,,,,,,,,,,,,,,,,,,,,,,,,,,,,,,,,,,,,,,,,,,,,,,,,,,,,,,,,,,2,2,2,1,2,2,1,2,1,1,1,1,2,2,1,1,2,1,1,2,1,2,2,2,2,1,1,2,2,2,1,2,2,2,1,2,2,2,2,2,2,1,1,1,2,2,2,2,2,2,1,1,1,2,2,2,3,3,3,2,1,2,1,1,1,2,2,2,2,neutral,neutral
2024-10-02 12:39:53,2024-10-02 13:07:49,0,100,1676,1,2024-10-02 13:07:50,R_51NuCqIm1oiJ8Tk,anonymous,EN,Chrome,129.0.0.0,Windows NT 10.0,1366x768,1,1,1,1,1,2,1,1,2,39,2,,2,9,8,7,26,31,6,1,1,1,5,5,5,2,4,5,4,5,6,3,4,4,6,6,4,,,,,,,,,,,,,,,,,,,,,,,,,,,,,,,,,,,,,,,,,,,,,,,,,,,,,,,,,,,,,,,,,,,,,,,,,,,,,,,,,,,,,,,,,,,,,,,,,,,,,,,,,,,,,,,,,,,,,,,,,,,,,,,,,,,,,,,,,,,,,,,,,,,,,,,,,,,,,,,,,,,,,,,,,,,,,,,,,,,,,,,,,,,,,,,,,,,,,,,,,,,,,,,,,,,,,,,,,,,,,,,,,,,,,,,,,,,,,,,,,,,,,,,,,,,,,,,,,,,,,,,,,,,,,,,,,,,,,2,1,1,2,1,1,1,1,2,2,2,1,1,1,2,1,2,1,1,1,1,2,2,1,2,1,2,1,1,1,2,1,2,2,2,1,1,2,2,1,1,4,2,1,3,2,1,5,3,1,4,3,1,4,3,1,4,3,1,3,2,1,3,3,1,3,2,1,1,neutral,neutral
2024-10-02 16:28:10,2024-10-02 16:45:57,0,100,1067,1,2024-10-02 16:45:58,R_5HjGvmSuBdRfFCl,anonymous,EN,Chrome,129.0.0.0,Windows NT 10.0,1280x854,1,1,1,1,1,2,1,1,2,40,2,,2,9,8,7,20,21,19,1,1,1,4,5,5,,,,,,,,,,,,,,,,,,,,,,,,,,,,,,,,,,,,,,,,,,,,,,,,,,,,,,,,,,,,,,,,,,,,,,,,,,,,,,,,,,,,,,,,,,,,,,,,,,,,,,,,,,,,,,,,,,,,,,,,,,,,,,,,,,,,,,,,,,,,,,,,,3,1,1,4,3,5,5,5,2,1,5,6,,,,,,,,,,,,,,,,,,,,,,,,,,,,,,,,,,,,,,,,,,,,,,,,,,,,,,,,,,,,,,,,,,,,,,,,,,,,,,,,,,,,,,,,,,,,,,,,,,,,,,,,,,,,,,,,,,,,,,,,,,,,,,,,,,,,,2,1,1,1,1,1,1,1,1,2,1,1,1,1,2,1,1,1,1,1,1,1,1,1,2,1,1,2,2,1,1,2,1,2,1,1,1,1,2,1,1,3,2,3,3,2,2,3,3,3,2,1,1,3,3,3,4,4,4,4,2,3,4,2,4,4,3,4,2,neutral,neutral
2024-10-02 18:19:16,2024-10-02 18:54:26,0,100,2109,1,2024-10-02 18:54:27,R_5je8I3he2dKeKHs,anonymous,EN,Edge,129.0.0.0,Windows NT 10.0,1366x768,1,1,1,1,1,2,1,1,2,23,2,,2,10,9,7,2,1,6,1,1,1,5,4,5,,,,,,,,,,,,,,,,,,,,,,,,,,,,,,,,,,,,,,,,,,,,,,,,,,,,,,,,,,,,,,,,,,,,,,,,,,,,,,,,,,,,,,,,,,,,,,,,,,,,,,,,,,,,,,,,,,,,,,,,,,,,,,,,,,,,,,,,,,,,,,,,,,,,,,,,,,,,,,,,,,,,,,,,,,,,,,,,,,,,,,,,,,,,,,,,,,,,,,,,,,,,,,,,,,,,,,,,,,,,,,,,,,,,,3,5,6,5,1,2,2,6,4,3,6,5,,,,,,,,,,,,,,,,,,,,,,,,,,,,,,,,,,,,,,,,,,,,,,,,,2,2,2,2,2,1,1,1,2,2,1,1,2,2,2,2,1,1,1,1,2,2,2,1,2,1,1,2,1,2,2,2,1,2,2,1,2,2,2,1,2,2,1,1,1,1,1,2,2,2,1,1,1,3,2,1,4,4,4,3,2,2,1,1,1,2,2,2,2,neutral,neutral
2024-10-02 19:27:39,2024-10-02 20:02:01,0,100,2062,1,2024-10-02 20:02:02,R_7an0zRNoa7t27ld,anonymous,EN,Firefox,130.0,Windows NT 10.0,1600x900,1,1,1,1,1,2,1,1,2,29,2,,2,9,8,6,29,29,29,1,1,1,5,5,5,,,,,,,,,,,,,,,,,,,,,,,,,,,,,,,,,,,,,,,,,,,,,,,,,,,,,,,,,,,,,,,,,,,,,,,,,,,,,,,,,,,,,3,4,2,4,4,4,5,5,4,4,4,4,,,,,,,,,,,,,,,,,,,,,,,,,,,,,,,,,,,,,,,,,,,,,,,,,,,,,,,,,,,,,,,,,,,,,,,,,,,,,,,,,,,,,,,,,,,,,,,,,,,,,,,,,,,,,,,,,,,,,,,,,,,,,,,,,,,,,,,,,,,,,,,,,,,,,,,,,,,,,,,,,,,,,,,,,,,,,,,,,,,,,,,,,,,,,,,,,6,2,1,2,2,1,1,1,1,2,2,1,1,1,2,2,1,1,2,1,1,2,1,1,1,1,1,1,2,1,1,2,1,2,1,1,2,1,2,1,1,4,3,2,4,3,2,3,2,1,1,1,1,3,3,1,4,4,4,3,2,1,1,1,1,3,3,3,1,neutral,neutral
2024-10-02 19:51:12,2024-10-02 20:15:18,0,100,1445,1,2024-10-02 20:15:19,R_4EoITTJwC9yorxi,anonymous,EN,Chrome,129.0.0.0,Windows NT 10.0,1920x1080,1,1,1,1,1,2,1,1,2,26,2,,2,10,9,8,2,3,3,1,1,1,2,5,4,,,,,,,,,,,,,,,,,,,,,,,,,,,,,,,,,,,,,,,,,,,,,,,,,,,,,,,,,,,,,,,,,,,,,,,,,,,,,,,,,,,,,,,,,,,,,,,,,,,,,,,,,,,,,,,,,,,,,,,,,,,,,,,,,,,,,,,,,,,,,,,,,,,,,,,,,,,,,,,,,,,,,,,,,6,4,6,4,1,5,5,6,4,3,5,1,,,,,,,,,,,,,,,,,,,,,,,,,,,,,,,,,,,,,,,,,,,,,,,,,,,,,,,,,,,,,,,,,,,,,,,,,,,,,,,,,,,,,,,,,,,,,,,,,,,,,,,,,,,,,2,1,1,2,1,1,1,1,2,2,2,1,1,1,2,1,1,2,1,2,1,2,1,2,2,1,1,1,2,1,2,2,2,2,2,2,2,1,1,2,1,3,3,1,4,3,1,4,3,2,2,2,1,3,3,1,4,3,3,3,3,1,5,3,2,5,4,3,2,neutral,neutral
2024-10-03 01:43:37,2024-10-03 02:18:18,0,100,2080,1,2024-10-03 02:18:19,R_46mbd3noOP7GSK0,anonymous,EN,Chrome,129.0.0.0,Macintosh,1440x900,1,1,1,1,1,2,1,1,2,24,2,,2,9,8,7,22,13,7,1,1,1,4,5,4,,,,,,,,,,,,,,,,,,,,,,,,,,,,,,,,,,,,,,,,,,,,,,,,,5,5,5,3,5,5,2,6,4,6,3,5,,,,,,,,,,,,,,,,,,,,,,,,,,,,,,,,,,,,,,,,,,,,,,,,,,,,,,,,,,,,,,,,,,,,,,,,,,,,,,,,,,,,,,,,,,,,,,,,,,,,,,,,,,,,,,,,,,,,,,,,,,,,,,,,,,,,,,,,,,,,,,,,,,,,,,,,,,,,,,,,,,,,,,,,,,,,,,,,,,,,,,,,,,,,,,,,,,,,,,,,,,,,,,,,,,,,,,,,,,,,,,,,,,,,,2,1,1,2,1,1,1,1,2,1,1,1,2,1,2,1,1,1,1,1,1,2,2,1,1,1,1,1,1,2,1,1,2,2,1,1,2,2,2,2,1,2,1,1,4,4,3,4,3,3,1,1,1,3,3,3,4,4,3,1,1,2,2,3,2,4,4,3,1,neutral,neutral
2024-10-03 03:39:34,2024-10-03 04:20:48,0,100,2473,1,2024-10-03 04:20:49,R_8oC0qIV8WMD05mS,anonymous,EN,Chrome,129.0.0.0,Windows NT 10.0,1536x864,1,1,1,1,1,2,1,1,2,30,2,,2,9,8,8,25,30,3,1,1,1,5,5,5,,,,,,,,,,,,,,,,,,,,,,,,,,,,,,,,,,,,,,,,,,,,,,,,,,,,,,,,,,,,,,,,,,,,,,,,,,,,,,,,,,,,,,,,,,,,,,,,,,,,,,,,,,,,,5,5,4,3,4,5,3,1,3,5,3,5,,,,,,,,,,,,,,,,,,,,,,,,,,,,,,,,,,,,,,,,,,,,,,,,,,,,,,,,,,,,,,,,,,,,,,,,,,,,,,,,,,,,,,,,,,,,,,,,,,,,,,,,,,,,,,,,,,,,,,,,,,,,,,,,,,,,,,,,,,,,,,,,,,,,,,,,,,,,,,,,,,,,,,,,,2,1,1,2,2,1,2,1,2,2,1,2,2,2,2,2,1,1,2,1,1,1,2,1,1,2,1,1,2,1,2,1,1,1,1,1,2,2,1,1,1,2,2,2,2,2,2,2,3,2,2,2,2,2,2,2,3,2,1,3,3,2,3,3,2,3,2,1,1,neutral,neutral
2024-10-03 04:28:36,2024-10-03 05:02:40,0,100,2044,1,2024-10-03 05:02:41,R_8Dx2oLIb00S8YFj,anonymous,EN,Firefox,130.0,Windows NT 10.0,1366x768,1,1,1,1,1,2,1,1,2,35,2,,2,9,8,7,15,13,10,1,1,1,5,5,6,,,,,,,,,,,,,,,,,,,,,,,,,,,,,,,,,,,,,,,,,,,,,,,,,,,,,,,,,,,,,,,,,,,,,,,,,,,,,,,,,,,,,,,,,,,,,,,,,,,,,,,,,,,,,,,,,,,,,,,,,,,,,,,,,,,,,,,,,,,,,,,,,,,,,,,,,,,,,,,,,,,,,,,,,,,,,,,,,,,,,5,3,6,3,1,6,5,1,4,3,6,3,,,,,,,,,,,,,,,,,,,,,,,,,,,,,,,,,,,,,,,,,,,,,,,,,,,,,,,,,,,,,,,,,,,,,,,,,,,,,,,,,,,,,,,,,,,,,,,,,2,1,2,1,1,2,2,2,1,2,1,1,2,1,2,1,2,2,1,2,1,1,1,1,1,2,1,1,2,1,1,1,2,2,1,1,1,2,2,1,1,4,4,3,1,1,1,3,3,3,3,2,2,3,3,3,4,4,4,3,3,3,3,3,3,4,4,4,2,neutral,neutral
2024-10-03 07:08:06,2024-10-03 07:51:13,0,100,2587,1,2024-10-03 07:51:14,R_2f7JrEt3VRhgSJE,anonymous,EN,Chrome,129.0.0.0,Windows NT 10.0,1366x768,1,1,1,1,1,2,1,1,2,27,2,,2,10,9,7,7,5,6,1,1,1,8,8,8,,,,,,,,,,,,,,,,,,,,,,,,,,,,,,,,,,,,,,,,,,,,,,,,,,,,,,,,,,,,,,,,,,,,,,,,,4,1,3,6,4,4,6,6,6,6,6,6,,,,,,,,,,,,,,,,,,,,,,,,,,,,,,,,,,,,,,,,,,,,,,,,,,,,,,,,,,,,,,,,,,,,,,,,,,,,,,,,,,,,,,,,,,,,,,,,,,,,,,,,,,,,,,,,,,,,,,,,,,,,,,,,,,,,,,,,,,,,,,,,,,,,,,,,,,,,,,,,,,,,,,,,,,,,,,,,,,,,,,,,,,,,,,,,,,,,,,,,,,,,,2,2,1,2,2,1,1,1,2,2,2,1,2,2,1,1,1,1,1,1,2,2,1,1,1,2,1,1,1,1,1,1,1,1,1,1,1,1,2,1,1,4,3,2,3,3,2,3,3,3,3,3,3,2,2,2,3,3,3,3,3,3,4,3,3,4,4,4,1,neutral,neutral
2024-10-03 09:40:18,2024-10-03 09:56:51,0,100,992,1,2024-10-03 09:56:52,R_5iOTJLeAQFFd3zx,anonymous,EN,Chrome,129.0.0.0,Windows NT 10.0,1220x686,1,1,1,1,1,2,1,1,2,32,2,,2,9,10,6,11,1,18,1,1,1,5,4,3,,,,,,,,,,,,,,,,,,,,,,,,,,,,,,,,,,,,,,,,,,,,,,,,,,,,,,,,,,,,,,,,,,,,,,,,,,,,,,,,,,,,,,,,,,,,,,,,,,,,,,,,,,,,,,,,,,,,,,,,,,,,,,,,,,,,,,,,,,,,,,,,,,,,,,,,,,,,,,,,,,,,,,,,,,,,,,,,,,,,,,,,,,,,,,,,,,,,,,,,,,,,,,,,,,,,,,,,,,,,,,,,,,,,,,,,,,,,,,,,,,,,,,,,,,,,,3,3,2,4,1,4,2,3,4,4,2,4,,,,,,,,,,,,,,,,,,,,,,,,,2,2,2,2,2,2,1,1,1,1,2,1,2,1,2,1,1,2,1,2,1,1,2,1,2,2,1,1,2,1,2,1,2,1,2,2,1,1,2,1,2,3,2,2,2,3,2,2,3,2,1,1,1,1,1,1,2,2,2,1,1,1,2,2,2,1,1,1,2,neutral,neutral
2024-10-03 13:50:12,2024-10-03 14:23:26,0,100,1994,1,2024-10-03 14:23:27,R_3dsWwtnQ5Cs9cab,anonymous,EN,Chrome,129.0.0.0,Macintosh,1440x900,1,1,1,1,1,2,1,1,2,33,2,,2,9,8,7,8,14,15,1,1,1,6,7,6,1,4,3,3,1,3,2,2,1,5,3,4,,,,,,,,,,,,,,,,,,,,,,,,,,,,,,,,,,,,,,,,,,,,,,,,,,,,,,,,,,,,,,,,,,,,,,,,,,,,,,,,,,,,,,,,,,,,,,,,,,,,,,,,,,,,,,,,,,,,,,,,,,,,,,,,,,,,,,,,,,,,,,,,,,,,,,,,,,,,,,,,,,,,,,,,,,,,,,,,,,,,,,,,,,,,,,,,,,,,,,,,,,,,,,,,,,,,,,,,,,,,,,,,,,,,,,,,,,,,,,,,,,,,,,,,,,,,,,,,,,,,,,,,,,,,,,,,,,,,,2,2,2,1,1,1,1,1,1,2,1,2,2,2,2,1,2,1,1,1,1,1,2,1,1,2,1,2,2,1,1,1,2,1,1,1,2,1,2,1,1,5,4,4,2,2,2,4,4,4,3,1,1,4,4,4,3,3,3,3,3,3,3,3,3,4,4,4,1,neutral,neutral
2024-10-03 14:33:13,2024-10-03 15:16:56,0,100,2623,1,2024-10-03 15:16:57,R_8SiHpcU1Q8rEPQZ,anonymous,EN,Chrome,125.0.0.0,Linux x86_64,360x720,1,1,1,1,1,2,1,1,2,30,2,,2,9,8,7,19,17,18,1,1,1,4,5,5,,,,,,,,,,,,,,,,,,,,,,,,,,,,,,,,,,,,,,,,,,,,,,,,,,,,,,,,,,,,,,,,,,,,,,,,,,,,,,,,,,,,,,,,,,,,,,,,,,,,,,,,,,,,,,,,,,,,,,,,,,,,,,,,,,,,,,,,,,,,,,,,,,,,,,,,,,,,,6,6,6,3,6,1,6,6,6,6,6,4,,,,,,,,,,,,,,,,,,,,,,,,,,,,,,,,,,,,,,,,,,,,,,,,,,,,,,,,,,,,,,,,,,,,,,,,,,,,,,,,,,,,,,,,,,,,,,,,,,,,,,,,,,,,,,,,,,,,,,,,,2,2,2,1,1,1,1,1,1,2,1,1,2,1,2,1,1,1,1,1,2,1,1,1,1,1,1,2,2,1,1,1,2,1,1,1,1,2,2,1,2,5,5,2,5,4,1,5,5,3,4,3,1,5,5,3,5,5,4,4,5,2,5,5,5,5,5,5,2,neutral,neutral
2024-10-03 15:14:16,2024-10-03 16:01:06,0,100,2810,1,2024-10-03 16:01:08,R_4coFTLo1rFTmIVP,anonymous,EN,Chrome,129.0.0.0,Windows NT 10.0,1366x768,1,1,1,1,1,2,1,1,2,38,2,,2,10,9,8,21,24,27,1,1,1,5,5,5,,,,,,,,,,,,,,,,,,,,,,,,,,,,,,,,,,,,,,,,,,,,,,,,,,,,,,,,,,,,,,,,,,,,,,,,,,,,,,,,,,,,,,,,,,,,,,,,,,,,,,,,,,,,,,,,,,,,,,,,,6,3,6,3,1,3,1,1,3,1,3,6,,,,,,,,,,,,,,,,,,,,,,,,,,,,,,,,,,,,,,,,,,,,,,,,,,,,,,,,,,,,,,,,,,,,,,,,,,,,,,,,,,,,,,,,,,,,,,,,,,,,,,,,,,,,,,,,,,,,,,,,,,,,,,,,,,,,,,,,,,,,,,,,,,,,,,,,,,,,,2,1,1,2,1,1,1,2,2,2,1,1,1,1,2,1,1,1,1,1,1,1,1,1,1,1,1,2,2,2,1,1,1,1,1,2,1,1,1,1,1,5,1,1,5,3,1,5,4,3,5,3,1,5,5,5,5,5,5,5,5,3,5,4,3,5,5,5,1,neutral,neutral
2024-10-04 00:24:13,2024-10-04 01:18:05,0,100,3232,1,2024-10-04 01:18:06,R_20B4Kux4cWim3Rh,anonymous,EN,Chrome,128.0.0.0,Linux x86_64,360x800,1,1,1,1,1,2,1,1,2,32,2,,2,10,9,8,16,16,18,1,1,1,5,5,5,,,,,,,,,,,,,,,,,,,,,,,,,,,,,,,,,,,,,,,,,,,,,,,,,,,,,,,,,,,,,,,,,,,,,,,,,,,,,,,,,,,,,,,,,,,,,,,,,,,,,,,,,,,,,,,,,,,,,,,,,,,,,,,,,,,,,,,,,,,,,,,,,,,,,,,,,,,,,,,,,,,,,,,,,5,5,5,5,3,5,6,6,5,5,6,3,,,,,,,,,,,,,,,,,,,,,,,,,,,,,,,,,,,,,,,,,,,,,,,,,,,,,,,,,,,,,,,,,,,,,,,,,,,,,,,,,,,,,,,,,,,,,,,,,,,,,,,,,,,,,2,1,2,2,1,1,1,1,1,1,2,1,2,1,2,1,1,2,1,1,2,1,1,1,2,1,1,2,2,1,1,1,1,2,1,2,2,1,2,2,2,3,2,1,3,3,2,3,3,2,3,2,1,3,2,1,4,4,3,4,3,3,5,5,5,5,4,4,2,neutral,neutral
2024-10-03 13:30:32,2024-10-04 01:31:27,0,100,43255,1,2024-10-04 01:31:28,R_8AEHrLqwnV6vcm2,anonymous,EN,Chrome,129.0.0.0,Windows NT 10.0,1366x768,1,1,1,1,1,2,1,1,2,31,2,,2,10,9,9,21,26,1,1,1,1,4,4,4,,,,,,,,,,,,,,,,,,,,,,,,,,,,,,,,,,,,,,,,,,,,,,,,,,,,,,,,,,,,,,,,,,,,,,,,,,,,,,,,,,,,,,,,,,,,,,,,,,,,,,,,,,,,,,,,,,,,,,,,,,,,,,,,,,,,,,,,,,,,,,,,,,,,,,,,,,,,,,,,,,,,,,,,,,,,,,,,,,,,,,,,,,,,,,,,,3,4,3,6,6,1,1,5,6,1,5,1,,,,,,,,,,,,,,,,,,,,,,,,,,,,,,,,,,,,,,,,,,,,,,,,,,,,,,,,,,,,,,,,,,,,,,,,,,,,,,,,,,,,,2,1,1,2,1,1,1,2,1,1,2,1,2,1,1,1,1,1,1,1,1,2,1,1,1,1,1,1,1,1,1,1,1,1,1,2,2,2,2,1,1,3,3,2,4,4,2,4,2,1,4,4,2,4,4,2,5,5,3,3,3,2,5,5,3,5,5,3,2,neutral,neutral
2024-10-04 06:54:20,2024-10-04 07:45:56,0,100,3095,1,2024-10-04 07:45:57,R_8KFLwMNif2qyVzz,anonymous,EN,Chrome,129.0.0.0,Windows NT 10.0,1280x800,1,1,1,1,1,2,1,1,2,29,2,,2,10,9,8,1,2,1,1,1,1,3,4,4,,,,,,,,,,,,,,,,,,,,,,,,,,,,,,,,,,,,,3,4,5,3,2,1,4,3,3,2,3,5,,,,,,,,,,,,,,,,,,,,,,,,,,,,,,,,,,,,,,,,,,,,,,,,,,,,,,,,,,,,,,,,,,,,,,,,,,,,,,,,,,,,,,,,,,,,,,,,,,,,,,,,,,,,,,,,,,,,,,,,,,,,,,,,,,,,,,,,,,,,,,,,,,,,,,,,,,,,,,,,,,,,,,,,,,,,,,,,,,,,,,,,,,,,,,,,,,,,,,,,,,,,,,,,,,,,,,,,,,,,,,,,,,,,,,,,,,,,,,,,,2,2,2,2,2,1,2,2,2,1,2,2,2,2,1,2,2,2,1,2,1,2,2,1,2,2,1,1,1,1,1,1,2,2,1,1,2,2,1,2,2,2,2,1,2,2,1,2,2,2,1,1,1,3,3,2,4,4,4,2,2,2,2,2,2,3,3,3,1,neutral,neutral
2024-10-04 09:11:08,2024-10-04 09:37:02,0,100,1553,1,2024-10-04 09:37:02,R_24TSXNBpFdmmmqt,anonymous,EN,Chrome,129.0.0.0,Windows NT 10.0,1920x1080,1,1,1,1,1,2,1,1,2,33,2,,2,9,8,7,28,30,4,1,1,1,6,6,6,,,,,,,,,,,,,,,,,,,,,,,,,,,,,,,,,,,,,,,,,,,,,,,,,,,,,,,,,,,,,,,,,,,,,,,,,,,,,,,,,,,,,,,,,,,,,,,,,,,,,,,,,,,,,,,,,,,,,,,,,,,,,,,,,,,,,,,,,,,,,,,,,5,5,5,5,6,5,6,6,5,3,6,6,,,,,,,,,,,,,,,,,,,,,,,,,,,,,,,,,,,,,,,,,,,,,,,,,,,,,,,,,,,,,,,,,,,,,,,,,,,,,,,,,,,,,,,,,,,,,,,,,,,,,,,,,,,,,,,,,,,,,,,,,,,,,,,,,,,,,2,1,1,2,2,1,1,1,2,1,1,1,2,1,2,1,1,2,2,1,1,1,1,1,1,1,2,1,1,1,1,1,2,2,1,1,1,1,1,2,1,3,3,2,3,3,2,3,3,3,2,2,1,4,4,4,5,5,5,3,3,3,3,2,2,4,4,3,2,neutral,neutral
2024-09-27 08:42:40,2024-09-27 10:04:52,0,98,4931,0,2024-10-04 10:04:55,R_2Hb5IOQRCNRjYkN,anonymous,EN,Chrome,109.0.0.0,Windows NT 10.0,1024x768,1,1,1,1,1,2,1,1,2,23,2,,2,9,8,7,17,17,17,1,1,1,7,7,7,,,,,,,,,,,,,,,,,,,,,,,,,,,,,,,,,,,,,,,,,,,,,,,,,,,,,,,,,,,,,,,,,,,,,,,,,3,1,5,3,1,3,1,4,5,1,4,5,,,,,,,,,,,,,,,,,,,,,,,,,,,,,,,,,,,,,,,,,,,,,,,,,,,,,,,,,,,,,,,,,,,,,,,,,,,,,,,,,,,,,,,,,,,,,,,,,,,,,,,,,,,,,,,,,,,,,,,,,,,,,,,,,,,,,,,,,,,,,,,,,,,,,,,,,,,,,,,,,,,,,,,,,,,,,,,,,,,,,,,,,,,,,,,,,,,,,,,,,,,,,1,1,1,2,1,1,1,1,2,2,1,1,1,2,1,1,1,1,1,1,1,1,1,1,1,1,1,1,1,1,1,1,1,1,1,1,1,2,2,1,1,,,,,,,,,,,,,,,,,,,,,,,,,,,,1,neutral,neutral
2024-09-27 10:54:07,2024-09-27 10:55:30,0,0,83,0,2024-10-04 10:55:34,R_6eqXgLguGcElgDS,anonymous,EN,Chrome,129.0.0.0,Macintosh,1440x932,1,1,1,1,1,,,,,,,,,,,,,,,,,,,,,,,,,,,,,,,,,,,,,,,,,,,,,,,,,,,,,,,,,,,,,,,,,,,,,,,,,,,,,,,,,,,,,,,,,,,,,,,,,,,,,,,,,,,,,,,,,,,,,,,,,,,,,,,,,,,,,,,,,,,,,,,,,,,,,,,,,,,,,,,,,,,,,,,,,,,,,,,,,,,,,,,,,,,,,,,,,,,,,,,,,,,,,,,,,,,,,,,,,,,,,,,,,,,,,,,,,,,,,,,,,,,,,,,,,,,,,,,,,,,,,,,,,,,,,,,,,,,,,,,,,,,,,,,,,,,,,,,,,,,,,,,,,,,,,,,,,,,,,,,,,,,,,,,,,,,,,,,,,,,,,,,,,,,,,,,,,,,,,,,,,,,,,,,,,,,,,,,,,,,
2024-10-04 11:01:53,2024-10-04 11:24:24,0,100,1350,1,2024-10-04 11:24:25,R_8JvZNZEBFyTQ4bh,anonymous,EN,Chrome,129.0.0.0,Windows NT 10.0,1366x768,1,1,1,1,1,2,1,1,2,28,2,,2,9,8,7,9,10,10,1,1,1,5,5,5,,,,,,,,,,,,,,,,,,,,,,,,,,,,,,,,,,,,,,,,,,,,,,,,,,,,,,,,,,,,,,,,,,,,,,,,,,,,,,,,,,,,,,,,,,,,,,,,,,,,,,,,,,,,,,,,,,,,,,,,,,,,,,,,,,,,,4,4,3,5,1,2,5,5,2,4,6,3,,,,,,,,,,,,,,,,,,,,,,,,,,,,,,,,,,,,,,,,,,,,,,,,,,,,,,,,,,,,,,,,,,,,,,,,,,,,,,,,,,,,,,,,,,,,,,,,,,,,,,,,,,,,,,,,,,,,,,,,,,,,,,,,,,,,,,,,,,,,,,,,,2,1,1,2,1,1,1,1,1,1,2,1,1,1,2,1,1,1,1,1,1,2,2,1,2,1,1,1,2,1,1,1,2,1,1,1,2,2,2,1,1,5,4,3,4,4,3,4,4,3,2,2,1,5,5,5,5,5,5,4,4,2,3,3,3,5,5,5,1,neutral,neutral
2024-10-04 11:02:55,2024-10-04 11:25:39,0,100,1363,1,2024-10-04 11:25:40,R_2BxLXnbM06mrFBL,anonymous,EN,Chrome,129.0.0.0,Windows NT 10.0,1536x864,1,1,1,1,1,2,1,1,2,24,2,,2,10,9,9,1,3,2,1,1,1,6,5,6,,,,,,,,,,,,,,,,,,,,,,,,,,,,,,,,,,,,,,,,,,,,,,,,,,,,,,,,,,,,,,,,,,,,,,,,,,,,,,,,,,,,,,,,,,,,,,,,,,,,,,,,,,,,,,,,,,,,,,,,,,,,,,,,,,,,,,,,,,,,,,,,,,,,,,,,,,,,,,,,,,,,,,,,,,,,,,,,,,,,,,,,,,,,,,,,,,,,,,,,,,,,,,,,,,,,,,,,,,,,,,,,,,,,,,,,,,,,,,,,,,,,,,,,,,,,,,,,,,,,,,,,,,,,,,,,,,,,,4,6,6,1,5,5,1,2,6,5,5,2,5,1,1,2,1,1,1,2,2,2,2,1,2,2,2,1,2,2,2,2,1,1,2,1,2,1,2,2,2,1,1,1,1,2,1,1,2,2,1,1,1,1,2,2,2,1,2,2,2,2,3,2,2,2,2,1,1,1,1,2,2,3,1,1,1,2,2,1,2,neutral,neutral
2024-09-27 11:52:13,2024-09-27 11:54:57,0,0,163,0,2024-10-04 11:54:57,R_8IRyAjQDgZEwwSD,anonymous,EN,Chrome,129.0.0.0,Linux x86_64,384x857,1,1,1,1,1,,,,,,,,,,,,,,,,,,,,,,,,,,,,,,,,,,,,,,,,,,,,,,,,,,,,,,,,,,,,,,,,,,,,,,,,,,,,,,,,,,,,,,,,,,,,,,,,,,,,,,,,,,,,,,,,,,,,,,,,,,,,,,,,,,,,,,,,,,,,,,,,,,,,,,,,,,,,,,,,,,,,,,,,,,,,,,,,,,,,,,,,,,,,,,,,,,,,,,,,,,,,,,,,,,,,,,,,,,,,,,,,,,,,,,,,,,,,,,,,,,,,,,,,,,,,,,,,,,,,,,,,,,,,,,,,,,,,,,,,,,,,,,,,,,,,,,,,,,,,,,,,,,,,,,,,,,,,,,,,,,,,,,,,,,,,,,,,,,,,,,,,,,,,,,,,,,,,,,,,,,,,,,,,,,,,,,,,,,,
2024-10-04 11:57:46,2024-10-04 12:28:34,0,100,1847,1,2024-10-04 12:28:34,R_8In0prr99JHU9rH,anonymous,EN,Chrome,129.0.0.0,Windows NT 10.0,1536x864,1,1,1,1,1,2,1,1,2,36,2,,2,9,8,7,29,28,30,1,1,1,5,6,6,,,,,,,,,,,,,,,,,,,,,,,,,6,4,4,6,5,6,6,6,3,6,6,4,,,,,,,,,,,,,,,,,,,,,,,,,,,,,,,,,,,,,,,,,,,,,,,,,,,,,,,,,,,,,,,,,,,,,,,,,,,,,,,,,,,,,,,,,,,,,,,,,,,,,,,,,,,,,,,,,,,,,,,,,,,,,,,,,,,,,,,,,,,,,,,,,,,,,,,,,,,,,,,,,,,,,,,,,,,,,,,,,,,,,,,,,,,,,,,,,,,,,,,,,,,,,,,,,,,,,,,,,,,,,,,,,,,,,,,,,,,,,,,,,,,,,,,,,,,,,2,1,1,1,1,1,2,1,2,1,2,1,1,1,1,1,1,1,1,1,1,2,1,1,1,1,1,2,1,1,1,1,1,1,1,1,1,2,2,1,1,4,3,2,4,5,3,4,4,2,1,1,1,4,4,2,4,4,2,3,3,4,3,2,3,4,4,4,1,neutral,neutral
2024-09-27 08:16:34,2024-09-27 13:14:23,0,0,17868,0,2024-10-04 13:14:27,R_6I4qpVg1rqF7qbb,anonymous,EN,Edge,129.0.0.0,Windows NT 10.0,1366x768,1,1,1,1,1,,,,,,,,,,,,,,,,,,,,,,,,,,,,,,,,,,,,,,,,,,,,,,,,,,,,,,,,,,,,,,,,,,,,,,,,,,,,,,,,,,,,,,,,,,,,,,,,,,,,,,,,,,,,,,,,,,,,,,,,,,,,,,,,,,,,,,,,,,,,,,,,,,,,,,,,,,,,,,,,,,,,,,,,,,,,,,,,,,,,,,,,,,,,,,,,,,,,,,,,,,,,,,,,,,,,,,,,,,,,,,,,,,,,,,,,,,,,,,,,,,,,,,,,,,,,,,,,,,,,,,,,,,,,,,,,,,,,,,,,,,,,,,,,,,,,,,,,,,,,,,,,,,,,,,,,,,,,,,,,,,,,,,,,,,,,,,,,,,,,,,,,,,,,,,,,,,,,,,,,,,,,,,,,,,,,,,,,,,,
2024-09-27 14:33:58,2024-09-27 14:35:46,0,0,107,0,2024-10-04 14:35:49,R_3FsuqSMaEGfkOFa,anonymous,EN,Firefox,130.0,Macintosh,1728x1117,1,1,1,1,1,,,,,,,,,,,,,,,,,,,,,,,,,,,,,,,,,,,,,,,,,,,,,,,,,,,,,,,,,,,,,,,,,,,,,,,,,,,,,,,,,,,,,,,,,,,,,,,,,,,,,,,,,,,,,,,,,,,,,,,,,,,,,,,,,,,,,,,,,,,,,,,,,,,,,,,,,,,,,,,,,,,,,,,,,,,,,,,,,,,,,,,,,,,,,,,,,,,,,,,,,,,,,,,,,,,,,,,,,,,,,,,,,,,,,,,,,,,,,,,,,,,,,,,,,,,,,,,,,,,,,,,,,,,,,,,,,,,,,,,,,,,,,,,,,,,,,,,,,,,,,,,,,,,,,,,,,,,,,,,,,,,,,,,,,,,,,,,,,,,,,,,,,,,,,,,,,,,,,,,,,,,,,,,,,,,,,,,,,,,
2024-09-27 15:38:54,2024-09-27 15:41:15,0,0,141,0,2024-10-04 15:41:23,R_2LZqpilzC3V2CsD,anonymous,EN,Chrome,129.0.0.0,Windows NT 10.0,1536x864,1,1,1,1,1,,,,,,,,,,,,,,,,,,,,,,,,,,,,,,,,,,,,,,,,,,,,,,,,,,,,,,,,,,,,,,,,,,,,,,,,,,,,,,,,,,,,,,,,,,,,,,,,,,,,,,,,,,,,,,,,,,,,,,,,,,,,,,,,,,,,,,,,,,,,,,,,,,,,,,,,,,,,,,,,,,,,,,,,,,,,,,,,,,,,,,,,,,,,,,,,,,,,,,,,,,,,,,,,,,,,,,,,,,,,,,,,,,,,,,,,,,,,,,,,,,,,,,,,,,,,,,,,,,,,,,,,,,,,,,,,,,,,,,,,,,,,,,,,,,,,,,,,,,,,,,,,,,,,,,,,,,,,,,,,,,,,,,,,,,,,,,,,,,,,,,,,,,,,,,,,,,,,,,,,,,,,,,,,,,,,,,,,,,,
2024-09-27 16:34:37,2024-09-27 16:37:58,0,0,200,0,2024-10-04 16:38:05,R_3CULpuvQU77uuYM,anonymous,EN,Chrome,129.0.0.0,Windows NT 10.0,1366x768,1,1,1,1,1,,,,,,,,,,,,,,,,,,,,,,,,,,,,,,,,,,,,,,,,,,,,,,,,,,,,,,,,,,,,,,,,,,,,,,,,,,,,,,,,,,,,,,,,,,,,,,,,,,,,,,,,,,,,,,,,,,,,,,,,,,,,,,,,,,,,,,,,,,,,,,,,,,,,,,,,,,,,,,,,,,,,,,,,,,,,,,,,,,,,,,,,,,,,,,,,,,,,,,,,,,,,,,,,,,,,,,,,,,,,,,,,,,,,,,,,,,,,,,,,,,,,,,,,,,,,,,,,,,,,,,,,,,,,,,,,,,,,,,,,,,,,,,,,,,,,,,,,,,,,,,,,,,,,,,,,,,,,,,,,,,,,,,,,,,,,,,,,,,,,,,,,,,,,,,,,,,,,,,,,,,,,,,,,,,,,,,,,,,,
2024-10-05 09:09:00,2024-10-05 10:19:48,0,100,4248,1,2024-10-05 10:19:49,R_2LI2RNGASX4bedH,anonymous,EN,Chrome,129.0.0.0,Windows NT 10.0,1366x768,1,1,1,1,1,2,1,1,2,29,2,,2,9,8,6,25,25,25,1,1,1,3,3,3,,,,,,,,,,,,,,,,,,,,,,,,,,,,,,,,,,,,,,,,,,,,,,,,,,,,,,,,,,,,,,,,,,,,,,,,,,,,,,,,,,,,,,,,,,,,,,,,,,,,,,,,,,,,,,,,,,,,,,,,,,,,,,,,,,,,,,,,,,,,,,,,,,,,,,,,,,,,,,,,,,,,,,,,,,,,,,,,,,,,,,,,,,,,,,,,,,,,,,,,,,,,,,,,,,,,,,,,,,,,,,,,,,,,,,,,,,,,,,,,,,,,,,,,,,,,,,,,,,,,,,,,,2,4,5,5,6,4,6,4,4,5,5,5,,,,,,,,,,,,,2,1,1,2,1,1,1,1,1,2,1,1,2,1,2,1,1,1,1,1,1,1,1,1,1,1,1,1,1,1,2,1,1,1,1,1,1,1,2,1,1,4,5,2,4,5,3,3,5,2,4,5,3,5,5,4,4,4,3,2,3,2,5,5,4,5,5,4,2,neutral,neutral
2024-10-05 14:27:28,2024-10-05 14:53:54,0,100,1586,1,2024-10-05 14:53:55,R_2i2uEiXO2fICug9,anonymous,EN,Chrome,103.0.0.0,Macintosh,1280x800,1,1,1,1,1,2,1,1,2,36,2,,2,10,9,8,2,2,4,1,1,1,3,5,5,,,,,,,,,,,,,,,,,,,,,,,,,,,,,,,,,,,,,,,,,,,,,,,,,,,,,,,,,,,,,,,,,,,,,,,,,,,,,,,,,,,,,,,,,,,,,,,,,4,4,4,5,4,4,3,5,4,4,4,4,,,,,,,,,,,,,,,,,,,,,,,,,,,,,,,,,,,,,,,,,,,,,,,,,,,,,,,,,,,,,,,,,,,,,,,,,,,,,,,,,,,,,,,,,,,,,,,,,,,,,,,,,,,,,,,,,,,,,,,,,,,,,,,,,,,,,,,,,,,,,,,,,,,,,,,,,,,,,,,,,,,,,,,,,,,,,,,,,,,,,2,1,1,2,2,1,2,1,2,2,2,2,1,1,2,1,1,1,1,1,1,2,2,1,2,1,2,1,1,1,2,1,2,2,2,1,1,2,2,1,1,2,3,2,3,3,2,3,3,2,1,1,1,2,3,2,4,4,4,2,3,2,3,3,3,4,4,2,1,neutral,neutral
2024-10-05 15:34:06,2024-10-05 15:55:05,0,100,1258,1,2024-10-05 15:55:05,R_8TBZbOOaJ29NLs5,anonymous,EN,Chrome,129.0.0.0,Windows NT 10.0,1920x1080,1,1,1,1,1,2,1,1,2,30,2,,2,9,8,6,4,1,27,1,1,1,5,5,6,,,,,,,,,,,,,,,,,,,,,,,,,,,,,,,,,,,,,,,,,,,,,,,,,,,,,,,,,,,,,,,,,,,,,,,,,,,,,,,,,,,,,,,,,,,,,,,,,,,,,,,,,,,,,,,,,,,,,,,,,,,,,,,,,,,,,,,,,,,,,,,,,,,,,,,,,,,,,,,,,,,,,,,,,,,,,,,,,,,,,,,,,,,,,,,,,,,,,,,,,,,,,,,,,,,,,,,,,,,,,,,,,,,,,3,4,6,6,4,6,3,5,6,6,4,4,,,,,,,,,,,,,,,,,,,,,,,,,,,,,,,,,,,,,,,,,,,,,,,,,2,2,2,1,2,1,1,2,1,1,1,1,2,1,1,2,2,1,1,1,2,1,2,1,2,2,1,2,2,1,1,1,1,2,1,1,2,1,2,1,2,3,3,4,2,3,2,3,3,3,2,3,2,3,3,4,3,3,4,1,1,1,3,4,3,5,5,5,2,neutral,neutral
2024-10-05 15:43:02,2024-10-05 16:11:30,0,100,1708,1,2024-10-05 16:11:31,R_2MnAbOTJXaNAjwm,anonymous,EN,Chrome,129.0.0.0,Macintosh,1680x1050,1,1,1,1,1,2,1,1,2,36,2,,2,9,8,7,6,10,11,1,1,1,5,6,6,,,,,,,,,,,,,,,,,,,,,,,,,,,,,,,,,,,,,,,,,,,,,,,,,,,,,,,,,,,,,3,4,4,4,4,4,5,5,4,5,4,4,,,,,,,,,,,,,,,,,,,,,,,,,,,,,,,,,,,,,,,,,,,,,,,,,,,,,,,,,,,,,,,,,,,,,,,,,,,,,,,,,,,,,,,,,,,,,,,,,,,,,,,,,,,,,,,,,,,,,,,,,,,,,,,,,,,,,,,,,,,,,,,,,,,,,,,,,,,,,,,,,,,,,,,,,,,,,,,,,,,,,,,,,,,,,,,,,,,,,,,,,,,,,,,,,,,,,,,,,2,1,1,1,1,1,2,1,2,1,1,1,2,1,2,2,1,1,1,1,1,1,2,1,2,1,1,1,1,2,2,1,1,2,2,1,1,1,1,1,1,3,3,3,2,2,2,3,3,3,1,1,1,3,3,3,4,3,3,3,3,3,3,3,3,3,3,3,1,neutral,neutral
2024-09-29 13:08:51,2024-09-29 13:09:31,0,0,39,0,2024-10-06 13:09:35,R_8H2GSq7eS46IhF1,anonymous,EN,Safari,16.6.1,Macintosh,1366x768,1,1,1,1,1,,,,,,,,,,,,,,,,,,,,,,,,,,,,,,,,,,,,,,,,,,,,,,,,,,,,,,,,,,,,,,,,,,,,,,,,,,,,,,,,,,,,,,,,,,,,,,,,,,,,,,,,,,,,,,,,,,,,,,,,,,,,,,,,,,,,,,,,,,,,,,,,,,,,,,,,,,,,,,,,,,,,,,,,,,,,,,,,,,,,,,,,,,,,,,,,,,,,,,,,,,,,,,,,,,,,,,,,,,,,,,,,,,,,,,,,,,,,,,,,,,,,,,,,,,,,,,,,,,,,,,,,,,,,,,,,,,,,,,,,,,,,,,,,,,,,,,,,,,,,,,,,,,,,,,,,,,,,,,,,,,,,,,,,,,,,,,,,,,,,,,,,,,,,,,,,,,,,,,,,,,,,,,,,,,,,,,,,,,,
2024-10-06 12:50:05,2024-10-06 13:37:43,0,100,2857,1,2024-10-06 13:37:43,R_2giGe8CzjjJZW3D,anonymous,EN,Chrome,129.0.0.0,Windows NT 10.0,1366x768,1,1,1,1,1,2,1,1,2,23,2,,2,9,8,8,22,27,1,1,1,1,5,5,5,,,,,,,,,,,,,,,,,,,,,,,,,,,,,,,,,,,,,,,,,,,,,,,,,,,,,,,,,,,,,,,,,,,,,,,,,,,,,,,,,,,,,,,,,,,,,,,,,,,,,,,,,,,,,,,,,,,,,,,,,,,,,,,,,,,,,,,,,,,,,,,,,,,,,,,,,,,,,,,,,,,,,,,,,,,,,,,,,,,,,,,,,,,,,,,,,,,,,,,,,,,,,5,3,2,1,3,2,4,6,3,2,6,1,,,,,,,,,,,,,,,,,,,,,,,,,,,,,,,,,,,,,,,,,,,,,,,,,,,,,,,,,,,,,,,,,,,,,,,,,2,2,2,2,1,1,2,1,2,1,1,1,2,1,1,1,1,1,2,1,1,1,2,1,2,1,1,1,2,1,2,1,1,1,1,2,2,1,2,1,2,2,3,1,3,4,3,4,4,3,3,3,2,5,5,4,5,5,4,3,2,2,3,4,4,5,5,4,2,neutral,neutral
2024-10-06 14:46:56,2024-10-06 15:18:23,0,100,1887,1,2024-10-06 15:18:25,R_1YzevpHO3c7foFb,anonymous,EN,Chrome,129.0.0.0,Windows NT 10.0,1600x900,1,1,1,1,1,2,1,1,2,42,2,,2,9,8,7,11,16,9,1,1,1,5,5,5,,,,,,,,,,,,,,,,,,,,,,,,,,,,,,,,,,,,,,,,,,,,,,,,,4,3,4,5,2,4,2,5,3,5,2,4,,,,,,,,,,,,,,,,,,,,,,,,,,,,,,,,,,,,,,,,,,,,,,,,,,,,,,,,,,,,,,,,,,,,,,,,,,,,,,,,,,,,,,,,,,,,,,,,,,,,,,,,,,,,,,,,,,,,,,,,,,,,,,,,,,,,,,,,,,,,,,,,,,,,,,,,,,,,,,,,,,,,,,,,,,,,,,,,,,,,,,,,,,,,,,,,,,,,,,,,,,,,,,,,,,,,,,,,,,,,,,,,,,,,,2,2,1,1,2,1,1,1,2,1,1,1,2,1,1,1,2,1,1,1,1,2,2,2,2,2,1,1,1,1,2,2,2,2,2,1,2,2,2,1,2,3,2,2,3,2,1,1,1,1,2,1,1,3,2,1,4,3,2,1,1,1,3,3,3,4,3,2,1,neutral,neutral
2024-10-06 15:41:46,2024-10-06 16:20:13,0,100,2306,1,2024-10-06 16:20:14,R_3CedEELZsdTT8EF,anonymous,EN,Safari,17.6,Macintosh,1440x900,1,1,1,1,1,2,1,1,2,19,2,,2,9,8,7,28,27,28,1,1,1,8,7,6,,,,,,,,,,,,,5,5,2,6,3,4,5,4,6,4,6,3,,,,,,,,,,,,,,,,,,,,,,,,,,,,,,,,,,,,,,,,,,,,,,,,,,,,,,,,,,,,,,,,,,,,,,,,,,,,,,,,,,,,,,,,,,,,,,,,,,,,,,,,,,,,,,,,,,,,,,,,,,,,,,,,,,,,,,,,,,,,,,,,,,,,,,,,,,,,,,,,,,,,,,,,,,,,,,,,,,,,,,,,,,,,,,,,,,,,,,,,,,,,,,,,,,,,,,,,,,,,,,,,,,,,,,,,,,,,,,,,,,,,,,,,,,,,,,,,,,,,,,,,,2,1,1,2,1,2,2,1,2,2,2,1,2,2,2,2,2,1,2,1,1,1,2,1,2,1,1,2,2,1,1,1,2,2,1,1,2,1,1,2,2,4,4,3,5,4,2,5,4,3,5,3,1,5,4,3,5,4,3,5,3,3,5,3,2,5,3,3,1,neutral,neutral
2024-10-06 17:29:33,2024-10-06 17:59:53,0,100,1819,1,2024-10-06 17:59:54,R_5cJHu5owb2jOR2x,anonymous,EN,Chrome,129.0.0.0,Windows NT 10.0,1536x864,1,1,1,1,1,2,1,1,2,22,2,,2,10,9,8,8,9,10,1,1,1,5,6,5,,,,,,,,,,,,,,,,,,,,,,,,,,,,,,,,,,,,,,,,,,,,,,,,,,,,,,,,,,,,,,,,,,,,,,,,,,,,,,,,,,,,,,,,,,,,,,,,,,,,,,,,,,,,,,,,,,,,,,,,,,,,,,,,,,,,,,,,,,,,,,,,,,,,,,,,,,,,,,,,,,,,,,,,,,,,,,,,,,,,,,,,,,,,,,,,,,,,,,,,,,,,,,,,,,,,,,,,,3,2,3,2,1,2,2,2,1,2,2,2,,,,,,,,,,,,,,,,,,,,,,,,,,,,,,,,,,,,,,,,,,,,,,,,,,,,,,,,,,,,,2,1,2,1,1,1,1,2,1,2,1,1,1,1,1,1,1,1,1,1,1,1,2,1,2,1,1,1,1,1,2,2,1,2,2,1,2,1,2,1,1,3,3,3,2,4,3,3,4,4,1,2,1,2,3,3,3,3,4,3,3,3,4,4,3,4,3,4,2,neutral,neutral
2024-10-06 19:35:47,2024-10-06 20:03:05,0,100,1637,1,2024-10-06 20:03:05,R_3nBg0ZPDMax4aWX,anonymous,EN,Chrome,128.0.0.0,CrOS x86_64 14541.0.0,1366x768,1,1,1,1,1,2,1,1,2,37,2,,2,10,9,8,3,9,14,1,1,1,6,7,6,,,,,,,,,,,,,,,,,,,,,,,,,,,,,,,,,,,,,,,,,,,,,,,,,,,,,,,,,,,,,,,,,,,,,,,,,,,,,,,,,,,,,4,4,3,5,2,2,5,4,3,3,4,5,,,,,,,,,,,,,,,,,,,,,,,,,,,,,,,,,,,,,,,,,,,,,,,,,,,,,,,,,,,,,,,,,,,,,,,,,,,,,,,,,,,,,,,,,,,,,,,,,,,,,,,,,,,,,,,,,,,,,,,,,,,,,,,,,,,,,,,,,,,,,,,,,,,,,,,,,,,,,,,,,,,,,,,,,,,,,,,,,,,,,,,,,,,,,,,,,2,2,2,2,2,1,1,1,1,1,2,2,1,1,2,1,2,1,1,1,1,2,2,1,2,1,2,1,1,1,1,1,2,2,1,1,2,1,2,1,2,4,3,2,4,2,1,4,3,3,2,1,1,4,3,2,4,4,4,2,2,2,3,3,3,3,3,3,1,neutral,neutral
2024-09-29 20:10:05,2024-09-29 20:12:01,0,0,116,0,2024-10-06 20:12:05,R_5EKcFrU7CTpBEON,anonymous,EN,Chrome,129.0.0.0,Windows NT 10.0,1536x864,1,1,1,1,1,,,,,,,,,,,,,,,,,,,,,,,,,,,,,,,,,,,,,,,,,,,,,,,,,,,,,,,,,,,,,,,,,,,,,,,,,,,,,,,,,,,,,,,,,,,,,,,,,,,,,,,,,,,,,,,,,,,,,,,,,,,,,,,,,,,,,,,,,,,,,,,,,,,,,,,,,,,,,,,,,,,,,,,,,,,,,,,,,,,,,,,,,,,,,,,,,,,,,,,,,,,,,,,,,,,,,,,,,,,,,,,,,,,,,,,,,,,,,,,,,,,,,,,,,,,,,,,,,,,,,,,,,,,,,,,,,,,,,,,,,,,,,,,,,,,,,,,,,,,,,,,,,,,,,,,,,,,,,,,,,,,,,,,,,,,,,,,,,,,,,,,,,,,,,,,,,,,,,,,,,,,,,,,,,,,,,,,,,,,
2024-10-06 23:45:08,2024-10-07 00:15:05,0,100,1797,1,2024-10-07 00:15:06,R_6iET7lSSSxWFRca,anonymous,EN,Edge,129.0.0.0,Windows NT 10.0,1536x864,1,1,1,1,1,2,1,1,2,22,2,,2,9,8,7,27,22,20,1,1,1,8,7,7,,,,,,,,,,,,,,,,,,,,,,,,,,,,,,,,,,,,,,,,,,,,,,,,,,,,,,,,,,,,,,,,,,,,,,,,,,,,,,,,,,,,,,,,,,,,,,,,,,,,,,,,,,,,,,,,,,,,,,,,,,,,,,,,,,,,,,,,,,,,,,,,,,,,,,,,,,,,,,,,,,,,,,,,,,,,,,,,,,,,,,,,,,,,,,,,,,,,,,,,,,,,,,,,,,,,,,,,,,,,,,,,,,,,,,,,,,,,,,,,,3,3,1,4,5,2,2,4,1,6,3,4,,,,,,,,,,,,,,,,,,,,,,,,,,,,,,,,,,,,,2,1,1,2,1,1,1,2,2,1,2,1,2,1,2,2,1,1,1,1,2,1,2,1,2,1,1,1,1,1,2,1,1,2,1,1,1,1,2,2,1,3,3,3,4,4,3,3,3,3,1,1,1,3,2,2,5,4,3,3,3,2,3,3,3,5,4,3,2,neutral,neutral
2024-10-07 01:29:16,2024-10-07 01:42:41,0,100,805,1,2024-10-07 01:42:42,R_2IDpSKhcRrXIQaB,anonymous,EN,Chrome,129.0.0.0,Macintosh,1470x956,1,1,1,1,1,2,1,1,2,26,2,,2,10,9,8,1,5,13,1,1,1,6,5,7,,,,,,,,,,,,,,,,,,,,,,,,,,,,,,,,,,,,,,,,,,,,,,,,,,,,,,,,,,,,,,,,,,,,,,,,,,,,,,,,,,,,,,,,,,,,,,,,,,,,,,,,,,,,,,,,,,,,,,,,,,,,,,,,,,,,,,,,,,,,,,,,,,,,,,,,,,,,,,,,,,,,,,,,,,,,,,,,,,,,,4,4,5,4,3,6,6,2,6,4,6,4,,,,,,,,,,,,,,,,,,,,,,,,,,,,,,,,,,,,,,,,,,,,,,,,,,,,,,,,,,,,,,,,,,,,,,,,,,,,,,,,,,,,,,,,,,,,,,,,,2,2,2,1,1,1,1,1,1,2,2,1,1,1,2,1,2,1,1,1,2,2,1,1,1,2,1,2,1,2,1,1,2,2,1,1,2,2,2,2,1,2,2,1,2,2,1,2,2,2,2,1,1,2,1,1,5,5,3,2,2,2,3,2,1,5,5,4,2,neutral,neutral
2024-10-07 02:10:24,2024-10-07 02:28:52,0,100,1108,1,2024-10-07 02:28:53,R_2It69YEKh0ykry5,anonymous,EN,Chrome,129.0.0.0,Macintosh,1440x900,1,1,1,1,1,2,1,1,2,23,2,,2,9,8,7,25,28,25,1,1,1,5,5,5,,,,,,,,,,,,,,,,,,,,,,,,,,,,,,,,,,,,,,,,,,,,,,,,,,,,,,,,,,,,,,,,,,,,,,,,,,,,,,,,,,,,,,,,,,,,,,,,,,,,,,,,,,,,,4,5,4,2,4,4,2,1,4,6,3,5,,,,,,,,,,,,,,,,,,,,,,,,,,,,,,,,,,,,,,,,,,,,,,,,,,,,,,,,,,,,,,,,,,,,,,,,,,,,,,,,,,,,,,,,,,,,,,,,,,,,,,,,,,,,,,,,,,,,,,,,,,,,,,,,,,,,,,,,,,,,,,,,,,,,,,,,,,,,,,,,,,,,,,,,,2,2,1,2,2,2,2,1,2,2,2,1,2,2,2,2,1,2,2,2,1,2,2,1,2,1,2,1,2,1,2,1,1,2,2,1,2,2,2,1,1,3,2,2,2,1,1,3,2,1,1,1,1,2,2,1,2,2,2,2,2,1,2,2,1,2,2,2,1,neutral,neutral
2024-10-07 04:30:01,2024-10-07 04:55:45,0,100,1543,1,2024-10-07 04:55:45,R_2uWreMOOHOzcMXT,anonymous,EN,Chrome,128.0.0.0,Windows NT 10.0,1536x864,1,1,1,1,1,2,1,1,2,32,2,,2,9,8,7,21,26,31,1,1,1,3,3,3,,,,,,,,,,,,,,,,,,,,,,,,,,,,,,,,,,,,,,,,,,,,,,,,,,,,,,,,,,,,,,,,,,,,,,,,,,,,,,,,,,,,,,,,,,,,,,,,,,,,,,,,,,,,,,,,,,,,,,,,,,,,,,,,,,,,,,,,,,,,,,,,,,,,,,,,,,,,,,,,,,,,,,,,,,,,,,,,,,,,,,,,,,,,,,,,,,,,,,,,,,,,,,,,,,,,,,,,,,,,,,,,,,,,,,,,,,,,,,,,,6,3,3,6,4,1,3,3,1,6,1,3,,,,,,,,,,,,,,,,,,,,,,,,,,,,,,,,,,,,,2,2,2,2,2,1,2,1,1,1,2,2,2,2,1,1,1,2,1,1,2,1,1,1,1,1,1,1,1,1,1,1,1,1,1,1,1,1,1,1,1,4,4,5,3,3,5,3,2,5,4,4,4,2,2,3,5,5,5,2,2,5,2,2,3,4,4,4,2,neutral,neutral
2024-10-07 04:07:56,2024-10-07 05:29:27,0,100,4890,1,2024-10-07 05:29:27,R_8KjaXqwDQ0Vbeq0,anonymous,EN,Chrome,129.0.0.0,Macintosh,1470x956,1,1,1,1,1,2,1,1,2,27,2,,2,9,9,8,27,1,6,1,1,1,5,5,5,,,,,,,,,,,,,,,,,,,,,,,,,,,,,,,,,,,,,,,,,,,,,,,,,,,,,,,,,,,,,,,,,,,,,,,,,,,,,,,,,,,,,,,,,,,,,,,,,,,,,,,,,,,,,,,,,,,,,,,,,4,4,5,3,5,5,4,3,5,2,5,5,,,,,,,,,,,,,,,,,,,,,,,,,,,,,,,,,,,,,,,,,,,,,,,,,,,,,,,,,,,,,,,,,,,,,,,,,,,,,,,,,,,,,,,,,,,,,,,,,,,,,,,,,,,,,,,,,,,,,,,,,,,,,,,,,,,,,,,,,,,,,,,,,,,,,,,,,,,,,2,2,2,2,1,1,1,1,2,2,2,1,1,1,2,2,1,1,1,1,2,1,1,2,2,1,1,1,2,2,1,2,2,2,1,2,2,1,1,1,1,5,3,3,5,4,3,5,3,3,5,3,3,5,3,3,5,5,5,5,3,3,5,3,4,5,5,5,1,neutral,neutral
2024-10-07 05:31:51,2024-10-07 05:45:59,0,100,848,1,2024-10-07 05:46:00,R_8C5qWqWJg7oqgRH,anonymous,EN,Firefox,131.0,Windows NT 10.0,1920x1080,1,1,1,1,1,2,1,1,2,22,2,,2,9,8,7,20,22,19,1,1,1,7,5,5,,,,,,,,,,,,,,,,,,,,,,,,,,,,,,,,,,,,,,,,,,,,,,,,,,,,,,,,,,,,,,,,,,,,,,,,,,,,,,,,,,,,,,,,,,,,,,,,,,,,,,,,,,,,,,,,,,,,,,,,,,,,,,,,,,,,,,,,,,,,,,,,,,,,,,,,,,,,,,,,,,,,,,,,,,,,,,,,,,,,,5,2,6,6,1,6,6,6,5,5,6,3,,,,,,,,,,,,,,,,,,,,,,,,,,,,,,,,,,,,,,,,,,,,,,,,,,,,,,,,,,,,,,,,,,,,,,,,,,,,,,,,,,,,,,,,,,,,,,,,,2,1,2,2,1,1,2,1,2,2,2,1,1,2,2,2,1,1,1,1,1,2,2,1,2,1,2,1,2,2,2,2,2,2,2,1,1,1,2,2,1,1,3,2,1,4,1,2,2,2,1,1,1,2,2,2,3,3,3,2,2,2,2,1,2,1,1,1,2,neutral,neutral
2024-10-07 05:13:57,2024-10-07 06:02:33,0,100,2915,1,2024-10-07 06:02:34,R_8r1ifqnaCG1r2vF,anonymous,EN,Chrome,122.0.0.0,Windows NT 10.0,1536x864,1,1,1,1,1,2,1,1,2,21,2,,2,10,8,8,4,29,1,1,1,1,5,6,5,,,,,,,,,,,,,,,,,,,,,,,,,,,,,,,,,,,,,,,,,,,,,,,,,,,,,,,,,,,,,,,,,,,,,,,,,,,,,,,,,,,,,,,,,,,,,,,,,,,,,,,,,,,,,3,4,1,1,6,6,2,1,4,6,2,3,,,,,,,,,,,,,,,,,,,,,,,,,,,,,,,,,,,,,,,,,,,,,,,,,,,,,,,,,,,,,,,,,,,,,,,,,,,,,,,,,,,,,,,,,,,,,,,,,,,,,,,,,,,,,,,,,,,,,,,,,,,,,,,,,,,,,,,,,,,,,,,,,,,,,,,,,,,,,,,,,,,,,,,,,2,1,1,2,1,2,2,2,1,2,1,1,1,1,2,2,2,1,1,1,1,1,1,1,2,1,1,1,1,1,1,2,2,1,1,1,2,1,2,2,2,5,4,3,5,5,2,4,4,3,5,1,1,5,4,3,5,4,4,5,5,5,5,5,5,5,4,4,1,neutral,neutral
2024-10-07 07:51:29,2024-10-07 08:05:57,0,100,868,1,2024-10-07 08:05:58,R_1lWGBVYvuWt62lW,anonymous,EN,Edge,129.0.0.0,Windows NT 10.0,1920x1080,1,1,1,1,1,2,1,1,2,43,2,,2,10,9,8,6,13,18,1,1,1,3,5,5,,,,,,,,,,,,,,,,,,,,,,,,,,,,,,,,,,,,,,,,,,,,,,,,,,,,,,,,,,,,,,,,,,,,,,,,,,,,,,,,,,,,,,,,,,,,,,,,,,,,,,,,,,,,,,,,,,,,,,,,,,,,,,,,,,,,,,,,,,,,,,,,,,,,,,,,,,,,,,,,,,,,,,,,,,,,,,,,,,,,,,,,,,,,,,,,,,,,,,,,,,,,,,,,,,,,,,,,,,,,,,,,,,,,,,,,,,,,,,,,,,,,,,,,,,,,,,,,,,,,,,,,,,,,,,,,,,,,,4,5,5,4,3,4,3,5,5,5,3,4,2,2,2,2,1,1,1,1,1,1,2,2,1,1,2,1,1,1,1,1,1,1,1,1,1,1,1,1,2,1,1,1,1,2,1,2,1,1,2,1,1,4,4,4,3,3,2,4,3,3,2,2,2,4,4,4,4,4,4,4,3,3,4,4,4,4,4,4,2,neutral,neutral
2024-10-07 07:31:21,2024-10-07 08:15:59,0,100,2677,1,2024-10-07 08:15:59,R_1LccNSEAX8SqLl1,anonymous,EN,Firefox,131.0,Windows NT 10.0,1536x864,1,1,1,1,1,2,1,1,2,35,2,,2,9,8,7,20,18,22,1,1,1,7,8,7,,,,,,,,,,,,,,,,,,,,,,,,,,,,,,,,,,,,,,,,,,,,,,,,,,,,,,,,,,,,,,,,,,,,,,,,,,,,,,,,,,,,,5,4,2,4,2,3,4,4,3,2,4,4,,,,,,,,,,,,,,,,,,,,,,,,,,,,,,,,,,,,,,,,,,,,,,,,,,,,,,,,,,,,,,,,,,,,,,,,,,,,,,,,,,,,,,,,,,,,,,,,,,,,,,,,,,,,,,,,,,,,,,,,,,,,,,,,,,,,,,,,,,,,,,,,,,,,,,,,,,,,,,,,,,,,,,,,,,,,,,,,,,,,,,,,,,,,,,,,,2,2,2,2,1,1,1,1,1,1,2,1,2,1,1,1,1,1,1,1,1,2,1,2,1,1,1,1,1,1,1,2,2,2,1,1,2,1,2,1,1,3,3,3,2,2,3,4,4,4,2,1,1,4,4,4,5,5,5,4,4,4,4,4,4,4,3,3,1,neutral,neutral
2024-10-07 08:57:12,2024-10-07 09:16:47,0,100,1174,1,2024-10-07 09:16:48,R_3O8t5vLwn0XacuQ,anonymous,EN,Chrome,129.0.0.0,Windows NT 10.0,1600x900,1,1,1,1,1,2,1,1,2,28,2,,2,10,9,8,7,20,20,1,1,1,5,5,4,,,,,,,,,,,,,,,,,,,,,,,,,,,,,,,,,,,,,,,,,,,,,,,,,,,,,,,,,,,,,,,,,,,,,,,,,,,,,,,,,,,,,,,,,,,,,,,,,,,,,,,,,,,,,,,,,,,,,,,,,,,,,,,,,,,,,,,,,,,,,,,,,,,,,,,,,,,,,,,,,,,,,,,,,,,,,,,,,,,,,,,,,,,,,,,,,,,,,,,,,,,,,2,3,1,2,3,1,2,2,1,1,3,2,,,,,,,,,,,,,,,,,,,,,,,,,,,,,,,,,,,,,,,,,,,,,,,,,,,,,,,,,,,,,,,,,,,,,,,,,2,1,2,2,1,2,1,1,1,1,2,2,2,2,1,1,2,2,1,2,2,2,1,1,1,1,1,1,1,2,1,1,1,2,1,2,1,1,2,1,1,3,5,2,3,5,1,3,5,3,1,3,1,3,5,4,3,4,5,3,5,3,4,5,4,2,5,4,2,neutral,neutral
2024-10-07 09:33:07,2024-10-07 10:03:18,0,100,1811,1,2024-10-07 10:03:19,R_8rSYThu39uVYm76,anonymous,EN,Chrome,124.0.0.0,Linux x86_64,412x869,1,1,1,1,1,2,1,1,2,27,2,,2,10,9,8,1,3,4,1,1,1,5,5,5,,,,,,,,,,,,,,,,,,,,,,,,,,,,,,,,,,,,,,,,,,,,,,,,,5,2,4,1,1,5,1,6,5,6,2,5,,,,,,,,,,,,,,,,,,,,,,,,,,,,,,,,,,,,,,,,,,,,,,,,,,,,,,,,,,,,,,,,,,,,,,,,,,,,,,,,,,,,,,,,,,,,,,,,,,,,,,,,,,,,,,,,,,,,,,,,,,,,,,,,,,,,,,,,,,,,,,,,,,,,,,,,,,,,,,,,,,,,,,,,,,,,,,,,,,,,,,,,,,,,,,,,,,,,,,,,,,,,,,,,,,,,,,,,,,,,,,,,,,,,,2,2,2,2,2,1,2,1,2,1,1,1,1,2,2,2,1,2,1,1,2,2,2,1,2,2,1,2,2,2,2,2,2,2,1,1,1,2,2,1,2,3,4,4,4,4,2,3,4,3,3,4,1,4,4,3,4,4,1,3,4,2,2,4,3,4,4,1,1,neutral,neutral
2024-10-07 10:16:46,2024-10-07 10:35:36,0,100,1129,1,2024-10-07 10:35:37,R_7LimVTW9XgqwslH,anonymous,EN,Chrome,129.0.0.0,Windows NT 10.0,1920x1080,1,1,1,1,1,2,1,1,2,24,2,,2,10,9,8,27,28,26,1,1,1,4,4,4,,,,,,,,,,,,,,,,,,,,,,,,,,,,,,,,,,,,,,,,,,,,,,,,,,,,,,,,,,,,,,,,,,,,,,,,,,,,,,,,,,,,,,,,,,,,,,,,,,,,,,,,,,,,,,,,,,,,,,,,,,,,,,,,,,,,,,,,,,,,,,,,,,,,,,,,,,,,,,,,,,,,,,,,,,,,,,,,,,,,,,,,,,,,,,,,,1,4,1,6,1,1,1,6,4,4,1,6,,,,,,,,,,,,,,,,,,,,,,,,,,,,,,,,,,,,,,,,,,,,,,,,,,,,,,,,,,,,,,,,,,,,,,,,,,,,,,,,,,,,,2,1,1,2,1,1,1,1,2,2,2,1,2,2,2,1,1,1,1,1,1,1,1,1,1,1,1,1,1,1,1,1,1,2,1,1,1,2,2,1,1,3,5,2,4,5,2,5,3,3,5,4,2,4,3,4,5,5,5,5,5,5,5,2,2,5,5,5,2,neutral,neutral
